invoice_id,item
INV-C0001-1,Extended Warranty
INV-C0001-1,Portable Heater
INV-C0001-1,Maintenance Plan
INV-C0001-1,Safety Guard
INV-C0001-2,Washer Hoses
INV-C0001-2,Washer
INV-C0001-2,Dryer
INV-C0002-1,Extended Warranty
INV-C0002-1,Washer
INV-C0002-1,Dryer
INV-C0002-2,Pizza Stone
INV-C0002-2,Toaster Oven
INV-C0003-1,Outdoor Fire Pit
INV-C0003-1,Dishwasher Pods
INV-C0003-1,Dishwasher
INV-C0003-1,Grill Grate
INV-C0003-1,Maintenance Plan
INV-C0003-2,Drain Hose
INV-C0003-2,Dehumidifier
INV-C0003-2,Extended Warranty
INV-C0003-2,Maintenance Plan
INV-C0003-2,Toaster Oven
INV-C0003-2,Surge Protector
INV-C0004-1,Portable Heater
INV-C0004-1,Maintenance Plan
INV-C0004-1,Remote Control
INV-C0004-2,Recipe Book
INV-C0004-2,Food Processor
INV-C0004-2,Stand Mixer
INV-C0004-2,Pouring Shield
INV-C0004-2,Dough Blade
INV-C0004-2,Extended Warranty
INV-C0005-1,Extra Brushes
INV-C0005-1,Robot Vacuum
INV-C0005-1,Extra Filters
INV-C0005-1,Maintenance Plan
INV-C0005-2,Drain Hose
INV-C0005-2,Dehumidifier
INV-C0005-2,Extended Warranty
INV-C0005-2,Microwave
INV-C0005-2,Microwave Trim Kit
INV-C0005-2,Surge Protector
INV-C0006-1,HEPA Filter
INV-C0006-1,Vacuum Bags
INV-C0006-1,Vacuum
INV-C0006-2,Extended Warranty
INV-C0006-2,Water Heater
INV-C0007-1,Dehumidifier
INV-C0007-1,HEPA Filter
INV-C0007-1,Maintenance Plan
INV-C0007-2,Refrigerator
INV-C0007-2,Extended Warranty
INV-C0007-2,Water Filter
INV-C0008-1,Outdoor Fire Pit
INV-C0008-1,Weather Cover
INV-C0008-1,Maintenance Plan
INV-C0008-1,Grill Grate
INV-C0008-2,Recipe Book
INV-C0008-2,Pouring Shield
INV-C0008-2,Stand Mixer
INV-C0009-1,Dishwasher
INV-C0009-1,Extended Warranty
INV-C0009-1,Blender
INV-C0009-1,Rinse Aid
INV-C0009-2,Outdoor Fire Pit
INV-C0009-2,Maintenance Plan
INV-C0009-2,Grill Grate
INV-C0010-1,Anode Rod
INV-C0010-1,Maintenance Plan
INV-C0010-1,Water Heater
INV-C0010-2,Recipe Book
INV-C0010-2,Food Processor
INV-C0010-2,Washer Hoses
INV-C0010-2,Extended Warranty
INV-C0010-2,Washer
INV-C0011-1,Ceiling Fan
INV-C0011-1,Fuel Stabilizer
INV-C0011-1,Light Kit
INV-C0011-1,Lawn Mower
INV-C0011-2,Leaf Blower
INV-C0011-2,Shoulder Strap
INV-C0012-1,Stacking Kit
INV-C0012-1,Dryer Vent Kit
INV-C0012-1,Extended Warranty
INV-C0012-1,Lint Trap
INV-C0012-1,Pressure Washer
INV-C0012-1,Dryer
INV-C0012-2,Propane Tank
INV-C0012-2,Robot Vacuum
INV-C0012-2,Extra Filters
INV-C0012-2,Grill
INV-C0012-2,Grill Cover
INV-C0013-1,Installation Kit
INV-C0013-1,Range
INV-C0013-1,Cast Iron Griddle
INV-C0013-1,Oven Liners
INV-C0013-1,Maintenance Plan
INV-C0013-2,Outdoor Fire Pit
INV-C0013-2,Range
INV-C0013-2,Firewood Rack
INV-C0013-2,Weather Cover
INV-C0013-2,Cast Iron Griddle
INV-C0013-2,Oven Liners
INV-C0013-2,Extended Warranty
INV-C0014-1,Light Kit
INV-C0014-1,Maintenance Plan
INV-C0014-1,Ceiling Fan
INV-C0014-2,Coffee Maker
INV-C0014-2,Descaler
INV-C0014-2,Extended Warranty
INV-C0014-2,Foam Cannon
INV-C0014-2,Pressure Washer
INV-C0015-1,Dehumidifier
INV-C0015-1,Extended Warranty
INV-C0015-1,HEPA Filter
INV-C0015-1,Maintenance Plan
INV-C0015-2,Grass Catcher
INV-C0015-2,Recipe Book
INV-C0015-2,Slow Cooker
INV-C0015-2,Lawn Mower
INV-C0016-1,Portable Heater
INV-C0016-1,Vacuum
INV-C0016-1,Vacuum Bags
INV-C0016-1,Remote Control
INV-C0016-1,Extended Warranty
INV-C0016-1,Maintenance Plan
INV-C0016-2,Extended Warranty
INV-C0016-2,Ceiling Fan
INV-C0017-1,Extended Warranty
INV-C0017-1,HEPA Filter
INV-C0017-1,Air Purifier
INV-C0017-1,Carbon Filter
INV-C0017-2,Stacking Kit
INV-C0017-2,Washer Hoses
INV-C0017-2,Extended Warranty
INV-C0017-2,Washer
INV-C0017-2,Maintenance Plan
INV-C0018-1,Expansion Tank
INV-C0018-1,Water Heater
INV-C0018-1,Extended Warranty
INV-C0018-1,Toaster Oven
INV-C0018-1,Surge Protector
INV-C0018-2,Installation Kit
INV-C0018-2,Range
INV-C0018-2,Maintenance Plan
INV-C0018-2,Oven Liners
INV-C0019-1,Stacking Kit
INV-C0019-1,Lint Trap
INV-C0019-1,Dryer
INV-C0019-2,Food Processor
INV-C0019-2,HEPA Filter
INV-C0019-2,Dough Blade
INV-C0019-2,Extended Warranty
INV-C0019-2,Air Purifier
INV-C0020-1,Recipe Book
INV-C0020-1,Stand Mixer
INV-C0020-2,Maintenance Plan
INV-C0020-2,Extended Warranty
INV-C0020-2,Hose Extension
INV-C0020-2,Foam Cannon
INV-C0020-2,Pressure Washer
INV-C0021-1,Recipe Book
INV-C0021-1,Blade Assembly
INV-C0021-1,Blender
INV-C0021-1,Food Processor
INV-C0021-1,Dough Blade
INV-C0021-1,Extended Warranty
INV-C0021-2,Extended Warranty
INV-C0021-2,Expansion Tank
INV-C0021-2,Water Heater
INV-C0022-1,Range
INV-C0022-1,Grill
INV-C0022-1,Cast Iron Griddle
INV-C0022-1,Grill Brush
INV-C0022-2,Extended Warranty
INV-C0022-2,HEPA Filter
INV-C0022-2,Air Purifier
INV-C0022-2,Maintenance Plan
INV-C0023-1,Grass Catcher
INV-C0023-1,Fuel Stabilizer
INV-C0023-1,Lawn Mower
INV-C0023-2,Carbon Filter
INV-C0023-2,Refrigerator
INV-C0023-2,HEPA Filter
INV-C0023-2,Extended Warranty
INV-C0023-2,Maintenance Plan
INV-C0023-2,Air Purifier
INV-C0024-1,Food Processor
INV-C0024-1,Extended Warranty
INV-C0024-1,Slicing Blade Set
INV-C0024-1,Maintenance Plan
INV-C0024-2,Outdoor Fire Pit
INV-C0024-2,Weather Cover
INV-C0024-2,Maintenance Plan
INV-C0024-2,Grill Grate
INV-C0025-1,Extended Warranty
INV-C0025-1,Air Purifier
INV-C0025-2,Microwave
INV-C0025-2,Microwave Trim Kit
INV-C0026-1,Outdoor Fire Pit
INV-C0026-1,Extended Warranty
INV-C0026-1,Firewood Rack
INV-C0026-2,Drain Hose
INV-C0026-2,Dehumidifier
INV-C0026-2,HEPA Filter
INV-C0026-2,Maintenance Plan
INV-C0027-1,Dishwasher
INV-C0027-1,Extended Warranty
INV-C0027-2,Dryer Vent Kit
INV-C0027-2,Maintenance Plan
INV-C0027-2,Lint Trap
INV-C0027-2,Dryer
INV-C0028-1,Coffee Maker
INV-C0028-1,Descaler
INV-C0028-1,Blender
INV-C0028-1,Extended Warranty
INV-C0028-1,Maintenance Plan
INV-C0028-2,Refrigerator
INV-C0028-2,Water Filter
INV-C0029-1,Extended Warranty
INV-C0029-1,Lawn Mower
INV-C0029-2,Recipe Book
INV-C0029-2,Slow Cooker
INV-C0030-1,Installation Kit
INV-C0030-1,Expansion Tank
INV-C0030-1,Water Heater
INV-C0030-1,Lawn Mower
INV-C0030-1,Spare Blades
INV-C0030-1,Grass Catcher
INV-C0030-2,Nozzle Set
INV-C0030-2,Robot Vacuum
INV-C0030-2,Mop Attachment
INV-C0030-2,Extra Filters
INV-C0030-2,Maintenance Plan
INV-C0030-2,Pressure Washer
INV-C0031-1,Range
INV-C0031-1,Drain Hose
INV-C0031-1,HEPA Filter
INV-C0031-1,Cast Iron Griddle
INV-C0031-1,Oven Liners
INV-C0031-1,Dehumidifier
INV-C0031-2,Extended Warranty
INV-C0031-2,Expansion Tank
INV-C0031-2,Water Heater
INV-C0032-1,Carbon Filter
INV-C0032-1,Air Purifier
INV-C0032-2,Microwave
INV-C0032-2,Microwave Trim Kit
INV-C0032-2,Extended Warranty
INV-C0032-2,Surge Protector
INV-C0033-1,Maintenance Plan
INV-C0033-1,Baking Tray
INV-C0033-1,Extended Warranty
INV-C0033-1,Hose Extension
INV-C0033-1,Pressure Washer
INV-C0033-1,Toaster Oven
INV-C0033-2,Slow Cooker
INV-C0033-2,Extended Warranty
INV-C0033-2,Baking Tray
INV-C0033-2,Toaster Oven
INV-C0033-2,Extra Crock Insert
INV-C0034-1,Coffee Maker
INV-C0034-1,Extended Warranty
INV-C0034-1,Maintenance Plan
INV-C0034-2,Coffee Maker
INV-C0034-2,Extended Warranty
INV-C0035-1,Expansion Tank
INV-C0035-1,Dough Hook
INV-C0035-1,Water Heater
INV-C0035-1,Anode Rod
INV-C0035-1,Stand Mixer
INV-C0035-1,Pouring Shield
INV-C0035-2,Vacuum Bags
INV-C0035-2,Extended Warranty
INV-C0035-2,Vacuum
INV-C0036-1,Washer Hoses
INV-C0036-1,Washer
INV-C0036-2,Outdoor Fire Pit
INV-C0036-2,Firewood Rack
INV-C0036-2,Washer Hoses
INV-C0036-2,Weather Cover
INV-C0036-2,Extended Warranty
INV-C0036-2,Washer
INV-C0037-1,Installation Kit
INV-C0037-1,Range
INV-C0037-1,Cast Iron Griddle
INV-C0037-2,HEPA Filter
INV-C0037-2,Air Purifier
INV-C0037-2,Maintenance Plan
INV-C0038-1,Extended Warranty
INV-C0038-1,Patio Furniture Set
INV-C0038-2,Coffee Maker
INV-C0038-2,Descaler
INV-C0039-1,Leaf Blower
INV-C0039-1,Extended Warranty
INV-C0039-1,Maintenance Plan
INV-C0039-2,Robot Vacuum
INV-C0039-2,Extended Warranty
INV-C0039-2,Extra Filters
INV-C0040-1,Installation Kit
INV-C0040-1,Recipe Book
INV-C0040-1,Expansion Tank
INV-C0040-1,Water Heater
INV-C0040-1,Stand Mixer
INV-C0040-1,Extended Warranty
INV-C0040-1,Maintenance Plan
INV-C0040-2,Installation Kit
INV-C0040-2,Range
INV-C0040-2,Water Heater
INV-C0040-2,Anode Rod
INV-C0040-2,Cast Iron Griddle
INV-C0040-2,Oven Liners
INV-C0040-2,Extended Warranty
INV-C0041-1,Installation Kit
INV-C0041-1,Light Kit
INV-C0041-1,Maintenance Plan
INV-C0041-1,Ceiling Fan
INV-C0041-2,Grill Brush
INV-C0041-2,Grill
INV-C0041-2,Extended Warranty
INV-C0042-1,Portable Heater
INV-C0042-1,Safety Guard
INV-C0042-1,Remote Control
INV-C0042-2,Extended Warranty
INV-C0042-2,Hose Extension
INV-C0042-2,Pressure Washer
INV-C0042-2,Maintenance Plan
INV-C0043-1,Coffee Maker
INV-C0043-1,Coffee Filters
INV-C0043-2,Extended Warranty
INV-C0043-2,Dryer Vent Kit
INV-C0043-2,Maintenance Plan
INV-C0043-2,Dryer
INV-C0044-1,Extended Warranty
INV-C0044-1,Maintenance Plan
INV-C0044-1,Air Purifier
INV-C0044-2,Hose Extension
INV-C0044-2,Pressure Washer
INV-C0044-2,Foam Cannon
INV-C0045-1,Extended Warranty
INV-C0045-1,Dryer Vent Kit
INV-C0045-1,Dryer
INV-C0045-2,Installation Kit
INV-C0045-2,Battery Pack
INV-C0045-2,Nozzle Attachment
INV-C0045-2,Water Heater
INV-C0045-2,Leaf Blower
INV-C0045-2,Anode Rod
INV-C0045-2,Shoulder Strap
INV-C0046-1,Refrigerator
INV-C0046-1,Extended Warranty
INV-C0046-1,Rinse Aid
INV-C0046-1,Dishwasher
INV-C0046-2,HEPA Filter
INV-C0046-2,Air Purifier
INV-C0046-2,Maintenance Plan
INV-C0047-1,Stacking Kit
INV-C0047-1,Range
INV-C0047-1,Installation Kit
INV-C0047-1,Dryer Vent Kit
INV-C0047-1,Oven Liners
INV-C0047-1,Maintenance Plan
INV-C0047-1,Dryer
INV-C0047-2,Furniture Covers
INV-C0047-2,Patio Furniture Set
INV-C0048-1,Extended Warranty
INV-C0048-1,Patio Furniture Set
INV-C0048-2,Food Processor
INV-C0048-2,Dough Blade
INV-C0049-1,Extended Warranty
INV-C0049-1,Slow Cooker
INV-C0049-1,Extra Crock Insert
INV-C0049-2,Carbon Filter
INV-C0049-2,Air Purifier
INV-C0050-1,Stacking Kit
INV-C0050-1,Pizza Stone
INV-C0050-1,Washer
INV-C0050-1,Maintenance Plan
INV-C0050-1,Toaster Oven
INV-C0050-1,Dryer
INV-C0050-2,Maintenance Plan
INV-C0050-2,Extended Warranty
INV-C0050-2,Hose Extension
INV-C0050-2,Foam Cannon
INV-C0050-2,Pressure Washer
INV-C0051-1,Outdoor Fire Pit
INV-C0051-1,Fuel Stabilizer
INV-C0051-1,Lawn Mower
INV-C0051-1,Grass Catcher
INV-C0051-1,Grill Grate
INV-C0051-1,Maintenance Plan
INV-C0051-2,Outdoor Fire Pit
INV-C0051-2,Weather Cover
INV-C0051-2,Maintenance Plan
INV-C0051-2,Extended Warranty
INV-C0051-2,Foam Cannon
INV-C0051-2,Pressure Washer
INV-C0052-1,Vacuum Bags
INV-C0052-1,Extended Warranty
INV-C0052-1,Vacuum
INV-C0052-2,Toaster Oven
INV-C0052-2,Surge Protector
INV-C0053-1,HEPA Filter
INV-C0053-1,Air Purifier
INV-C0053-2,Washer
INV-C0053-2,Maintenance Plan
INV-C0053-2,Dryer
INV-C0054-1,Extended Warranty
INV-C0054-1,Lawn Mower
INV-C0054-2,Coffee Maker
INV-C0054-2,Extended Warranty
INV-C0055-1,Grill
INV-C0055-1,Extended Warranty
INV-C0055-1,Maintenance Plan
INV-C0055-2,Pizza Stone
INV-C0055-2,Baking Tray
INV-C0055-2,Toaster Oven
INV-C0056-1,Hose Extension
INV-C0056-1,Pressure Washer
INV-C0056-2,HEPA Filter
INV-C0056-2,Vacuum Bags
INV-C0056-2,Vacuum
INV-C0057-1,Extended Warranty
INV-C0057-1,Foam Cannon
INV-C0057-1,Pressure Washer
INV-C0057-2,Washer Hoses
INV-C0057-2,Extended Warranty
INV-C0057-2,Washer
INV-C0058-1,Washer Hoses
INV-C0058-1,Washer
INV-C0058-1,Maintenance Plan
INV-C0058-1,Dryer
INV-C0058-2,Propane Tank
INV-C0058-2,Grill
INV-C0058-2,Extended Warranty
INV-C0058-2,Maintenance Plan
INV-C0059-1,Outdoor Fire Pit
INV-C0059-1,Weather Cover
INV-C0059-1,Grill Grate
INV-C0059-2,Drain Hose
INV-C0059-2,Dehumidifier
INV-C0059-2,Extended Warranty
INV-C0059-2,Vacuum
INV-C0060-1,Installation Kit
INV-C0060-1,Range
INV-C0060-1,Rinse Aid
INV-C0060-1,Oven Liners
INV-C0060-1,Dishwasher
INV-C0060-1,Extended Warranty
INV-C0060-2,Recipe Book
INV-C0060-2,Portable Heater
INV-C0060-2,Stand Mixer
INV-C0060-2,Safety Guard
INV-C0061-1,Outdoor Fire Pit
INV-C0061-1,Coffee Maker
INV-C0061-1,Descaler
INV-C0061-1,Firewood Rack
INV-C0061-1,Extended Warranty
INV-C0061-1,Grill Grate
INV-C0061-2,Baking Tray
INV-C0061-2,Maintenance Plan
INV-C0061-2,Toaster Oven
INV-C0061-2,Surge Protector
INV-C0062-1,Recipe Book
INV-C0062-1,Extra Pitcher
INV-C0062-1,Extended Warranty
INV-C0062-1,Blender
INV-C0062-2,Installation Kit
INV-C0062-2,Expansion Tank
INV-C0062-2,Water Heater
INV-C0062-2,Anode Rod
INV-C0062-2,Maintenance Plan
INV-C0063-1,Food Processor
INV-C0063-1,Dough Blade
INV-C0063-2,Recipe Book
INV-C0063-2,Maintenance Plan
INV-C0063-2,Slow Cooker
INV-C0063-2,Extra Crock Insert
INV-C0064-1,Nozzle Set
INV-C0064-1,Pressure Washer
INV-C0064-1,Maintenance Plan
INV-C0064-2,Expansion Tank
INV-C0064-2,Water Heater
INV-C0065-1,Coffee Maker
INV-C0065-1,Descaler
INV-C0065-1,Extended Warranty
INV-C0065-1,Maintenance Plan
INV-C0065-2,Recipe Book
INV-C0065-2,Extended Warranty
INV-C0065-2,Slow Cooker
INV-C0065-2,Extra Crock Insert
INV-C0066-1,Surge Protector
INV-C0066-1,Refrigerator
INV-C0066-1,Maintenance Plan
INV-C0066-1,Water Filter
INV-C0066-2,Drain Hose
INV-C0066-2,Dehumidifier
INV-C0067-1,Vacuum
INV-C0067-1,Vacuum Bags
INV-C0067-1,Propane Tank
INV-C0067-1,Extended Warranty
INV-C0067-1,Grill
INV-C0067-2,Extended Warranty
INV-C0067-2,Dryer
INV-C0068-1,Washer Hoses
INV-C0068-1,Robot Vacuum
INV-C0068-1,Mop Attachment
INV-C0068-1,Extended Warranty
INV-C0068-1,Washer
INV-C0068-1,Maintenance Plan
INV-C0068-1,Dryer
INV-C0068-2,Installation Kit
INV-C0068-2,Maintenance Plan
INV-C0068-2,Expansion Tank
INV-C0068-2,Water Heater
INV-C0069-1,Fuel Stabilizer
INV-C0069-1,Maintenance Plan
INV-C0069-1,Lawn Mower
INV-C0069-2,Recipe Book
INV-C0069-2,Food Processor
INV-C0069-2,Slicing Blade Set
INV-C0069-2,Slow Cooker
INV-C0069-2,Extended Warranty
INV-C0069-2,Extra Crock Insert
INV-C0070-1,Recipe Book
INV-C0070-1,Portable Heater
INV-C0070-1,Food Processor
INV-C0070-1,Slicing Blade Set
INV-C0070-1,Remote Control
INV-C0070-1,Dough Blade
INV-C0070-1,Safety Guard
INV-C0070-2,Washer
INV-C0070-2,Maintenance Plan
INV-C0070-2,Dryer
INV-C0071-1,Toaster Oven
INV-C0071-1,Surge Protector
INV-C0071-2,Extra Brushes
INV-C0071-2,Robot Vacuum
INV-C0071-2,Extended Warranty
INV-C0072-1,Recipe Book
INV-C0072-1,Stand Mixer
INV-C0072-1,Maintenance Plan
INV-C0072-2,Blade Assembly
INV-C0072-2,Recipe Book
INV-C0072-2,Blender
INV-C0072-2,Nozzle Set
INV-C0072-2,Pressure Washer
INV-C0073-1,Range
INV-C0073-1,Extended Warranty
INV-C0073-1,Cast Iron Griddle
INV-C0073-1,Oven Liners
INV-C0073-2,Coffee Maker
INV-C0073-2,Descaler
INV-C0073-2,Shoulder Strap
INV-C0073-2,Leaf Blower
INV-C0073-2,Extended Warranty
INV-C0073-2,Maintenance Plan
INV-C0074-1,Installation Kit
INV-C0074-1,Refrigerator
INV-C0074-1,Rinse Aid
INV-C0074-1,Dishwasher
INV-C0074-1,Extended Warranty
INV-C0074-1,Surge Protector
INV-C0074-2,Extended Warranty
INV-C0074-2,Portable Heater
INV-C0074-2,Maintenance Plan
INV-C0074-2,Remote Control
INV-C0075-1,Spare Blades
INV-C0075-1,Fuel Stabilizer
INV-C0075-1,Maintenance Plan
INV-C0075-1,Lawn Mower
INV-C0075-2,Nozzle Set
INV-C0075-2,Maintenance Plan
INV-C0075-2,Foam Cannon
INV-C0075-2,Hose Extension
INV-C0075-2,Pressure Washer
INV-C0076-1,Extended Warranty
INV-C0076-1,Portable Heater
INV-C0076-1,Safety Guard
INV-C0076-2,Cushion Covers
INV-C0076-2,Microwave
INV-C0076-2,Maintenance Plan
INV-C0076-2,Patio Furniture Set
INV-C0076-2,Surge Protector
INV-C0077-1,Installation Kit
INV-C0077-1,Light Kit
INV-C0077-1,Maintenance Plan
INV-C0077-1,Ceiling Fan
INV-C0077-2,Water Filter
INV-C0077-2,Drain Hose
INV-C0077-2,Refrigerator
INV-C0077-2,Dehumidifier
INV-C0077-2,Extended Warranty
INV-C0077-2,Maintenance Plan
INV-C0077-2,Surge Protector
INV-C0078-1,Drain Hose
INV-C0078-1,Dehumidifier
INV-C0078-1,Maintenance Plan
INV-C0078-2,Refrigerator
INV-C0078-2,Maintenance Plan
INV-C0078-2,Water Filter
INV-C0079-1,HEPA Filter
INV-C0079-1,Grill Brush
INV-C0079-1,Grill
INV-C0079-1,Grill Cover
INV-C0079-1,Air Purifier
INV-C0079-2,Washer Hoses
INV-C0079-2,Washer
INV-C0079-2,Stacking Kit
INV-C0080-1,Coffee Maker
INV-C0080-1,Descaler
INV-C0080-2,Vacuum
INV-C0080-2,Vacuum Bags
INV-C0080-2,HEPA Filter
INV-C0080-2,Microwave
INV-C0080-2,Microwave Trim Kit
INV-C0081-1,Recipe Book
INV-C0081-1,Extended Warranty
INV-C0081-1,Maintenance Plan
INV-C0081-1,Slow Cooker
INV-C0081-2,Blade Assembly
INV-C0081-2,Blender
INV-C0081-2,Nozzle Set
INV-C0081-2,Extended Warranty
INV-C0081-2,Foam Cannon
INV-C0081-2,Pressure Washer
INV-C0082-1,Robot Vacuum
INV-C0082-1,Extra Filters
INV-C0082-2,Extended Warranty
INV-C0082-2,Carbon Filter
INV-C0082-2,Air Purifier
INV-C0082-2,Maintenance Plan
INV-C0083-1,Installation Kit
INV-C0083-1,Extended Warranty
INV-C0083-1,Ceiling Fan
INV-C0083-2,Extended Warranty
INV-C0083-2,Air Purifier
INV-C0084-1,Nozzle Set
INV-C0084-1,Pressure Washer
INV-C0084-1,Hose Extension
INV-C0084-2,Recipe Book
INV-C0084-2,Extended Warranty
INV-C0084-2,Maintenance Plan
INV-C0084-2,Slow Cooker
INV-C0085-1,Pizza Stone
INV-C0085-1,Maintenance Plan
INV-C0085-1,Toaster Oven
INV-C0085-1,Surge Protector
INV-C0085-2,Pouring Shield
INV-C0085-2,Stand Mixer
INV-C0085-2,Maintenance Plan
INV-C0085-2,Dough Hook
INV-C0086-1,Installation Kit
INV-C0086-1,Range
INV-C0086-1,Cast Iron Griddle
INV-C0086-2,Extended Warranty
INV-C0086-2,Slow Cooker
INV-C0087-1,Coffee Maker
INV-C0087-1,Extended Warranty
INV-C0087-2,Range
INV-C0087-2,Fuel Stabilizer
INV-C0087-2,Oven Liners
INV-C0087-2,Grass Catcher
INV-C0087-2,Lawn Mower
INV-C0087-2,Spare Blades
INV-C0087-2,Extended Warranty
INV-C0087-2,Maintenance Plan
INV-C0088-1,Dishwasher Pods
INV-C0088-1,Rinse Aid
INV-C0088-1,Dishwasher
INV-C0088-1,Lint Trap
INV-C0088-1,Maintenance Plan
INV-C0088-1,Dryer
INV-C0088-2,HEPA Filter
INV-C0088-2,Air Purifier
INV-C0088-2,Carbon Filter
INV-C0088-2,Maintenance Plan
INV-C0089-1,Extra Pitcher
INV-C0089-1,Extended Warranty
INV-C0089-1,Blender
INV-C0089-2,Stacking Kit
INV-C0089-2,Dryer Vent Kit
INV-C0089-2,Dryer
INV-C0090-1,HEPA Filter
INV-C0090-1,Vacuum Bags
INV-C0090-1,Vacuum
INV-C0090-1,Maintenance Plan
INV-C0090-2,Fuel Stabilizer
INV-C0090-2,Lawn Mower
INV-C0090-2,Spare Blades
INV-C0090-2,Extended Warranty
INV-C0090-2,Maintenance Plan
INV-C0091-1,Outdoor Fire Pit
INV-C0091-1,Recipe Book
INV-C0091-1,Weather Cover
INV-C0091-1,Slow Cooker
INV-C0091-1,Extended Warranty
INV-C0091-1,Grill Grate
INV-C0091-1,Maintenance Plan
INV-C0091-1,Extra Crock Insert
INV-C0091-2,Light Kit
INV-C0091-2,Ceiling Fan
INV-C0092-1,Refrigerator
INV-C0092-1,Surge Protector
INV-C0092-2,Coffee Maker
INV-C0092-2,Descaler
INV-C0092-2,Coffee Filters
INV-C0093-1,Microwave
INV-C0093-1,Microwave Trim Kit
INV-C0093-1,Extended Warranty
INV-C0093-1,Maintenance Plan
INV-C0093-2,Outdoor Fire Pit
INV-C0093-2,Weather Cover
INV-C0093-2,Maintenance Plan
INV-C0093-2,Grill Grate
INV-C0094-1,Propane Tank
INV-C0094-1,Extended Warranty
INV-C0094-1,Grill
INV-C0094-1,Washer
INV-C0094-1,Maintenance Plan
INV-C0094-1,Grill Cover
INV-C0094-2,Grill Brush
INV-C0094-2,Grill
INV-C0095-1,Grass Catcher
INV-C0095-1,Extended Warranty
INV-C0095-1,Maintenance Plan
INV-C0095-1,Lawn Mower
INV-C0095-2,Stacking Kit
INV-C0095-2,Maintenance Plan
INV-C0095-2,Lint Trap
INV-C0095-2,Dryer
INV-C0096-1,Dough Hook
INV-C0096-1,Stand Mixer
INV-C0096-1,Robot Vacuum
INV-C0096-1,Extended Warranty
INV-C0096-1,Extra Filters
INV-C0096-2,Blade Assembly
INV-C0096-2,Extended Warranty
INV-C0096-2,Blender
INV-C0096-2,Air Purifier
INV-C0097-1,Stacking Kit
INV-C0097-1,Maintenance Plan
INV-C0097-1,Dryer
INV-C0097-2,Leaf Blower
INV-C0097-2,Extended Warranty
INV-C0097-2,Maintenance Plan
INV-C0097-2,Battery Pack
INV-C0098-1,Extended Warranty
INV-C0098-1,Stand Mixer
INV-C0098-1,Dough Hook
INV-C0098-2,Washer
INV-C0098-2,Maintenance Plan
INV-C0098-2,Dryer
INV-C0099-1,Portable Heater
INV-C0099-1,Washer Hoses
INV-C0099-1,Safety Guard
INV-C0099-1,Washer
INV-C0099-1,Maintenance Plan
INV-C0099-1,Dryer
INV-C0099-2,Installation Kit
INV-C0099-2,Dishwasher
INV-C0099-2,Maintenance Plan
INV-C0100-1,Extended Warranty
INV-C0100-1,Dryer Vent Kit
INV-C0100-1,Lint Trap
INV-C0100-1,Dryer
INV-C0100-2,Light Kit
INV-C0100-2,Extended Warranty
INV-C0100-2,Installation Kit
INV-C0100-2,Ceiling Fan
INV-C0101-1,Fuel Stabilizer
INV-C0101-1,HEPA Filter
INV-C0101-1,Lawn Mower
INV-C0101-1,Spare Blades
INV-C0101-1,Maintenance Plan
INV-C0101-1,Air Purifier
INV-C0101-2,Outdoor Fire Pit
INV-C0101-2,Weather Cover
INV-C0101-2,Propane Tank
INV-C0101-2,Grill Brush
INV-C0101-2,Extended Warranty
INV-C0101-2,Grill Grate
INV-C0101-2,Grill
INV-C0102-1,Coffee Maker
INV-C0102-1,Coffee Filters
INV-C0102-1,Extended Warranty
INV-C0102-1,Microwave
INV-C0102-1,Surge Protector
INV-C0102-2,Carbon Filter
INV-C0102-2,Air Purifier
INV-C0102-2,Maintenance Plan
INV-C0103-1,Propane Tank
INV-C0103-1,Grill
INV-C0103-2,Shoulder Strap
INV-C0103-2,Leaf Blower
INV-C0103-2,Pizza Stone
INV-C0103-2,Extended Warranty
INV-C0103-2,Toaster Oven
INV-C0104-1,Outdoor Fire Pit
INV-C0104-1,Extended Warranty
INV-C0104-1,Spare Blades
INV-C0104-1,Lawn Mower
INV-C0104-2,Portable Heater
INV-C0104-2,Remote Control
INV-C0105-1,Range
INV-C0105-1,Portable Heater
INV-C0105-1,Safety Guard
INV-C0105-1,Extended Warranty
INV-C0105-2,Portable Heater
INV-C0105-2,Maintenance Plan
INV-C0105-2,Remote Control
INV-C0106-1,Coffee Maker
INV-C0106-1,Food Processor
INV-C0106-1,Coffee Filters
INV-C0106-1,Dough Blade
INV-C0106-1,Extended Warranty
INV-C0106-2,Grill Brush
INV-C0106-2,Grill
INV-C0106-2,Grill Cover
INV-C0106-2,Maintenance Plan
INV-C0107-1,HEPA Filter
INV-C0107-1,Vacuum Bags
INV-C0107-1,Vacuum
INV-C0107-2,Stacking Kit
INV-C0107-2,Extended Warranty
INV-C0107-2,Maintenance Plan
INV-C0107-2,Dryer
INV-C0108-1,Extended Warranty
INV-C0108-1,Maintenance Plan
INV-C0108-1,Slow Cooker
INV-C0108-2,Coffee Maker
INV-C0108-2,Descaler
INV-C0109-1,Extended Warranty
INV-C0109-1,Patio Furniture Set
INV-C0109-2,Microwave
INV-C0109-2,Maintenance Plan
INV-C0109-2,Surge Protector
INV-C0110-1,Patio Umbrella
INV-C0110-1,Cushion Covers
INV-C0110-1,Remote Control
INV-C0110-1,Ceiling Fan
INV-C0110-1,Extended Warranty
INV-C0110-1,Patio Furniture Set
INV-C0110-2,Installation Kit
INV-C0110-2,Dishwasher
INV-C0110-2,Extended Warranty
INV-C0110-2,Dryer
INV-C0111-1,Expansion Tank
INV-C0111-1,Water Heater
INV-C0111-1,Anode Rod
INV-C0111-1,Lint Trap
INV-C0111-1,Maintenance Plan
INV-C0111-1,Dryer
INV-C0111-2,Coffee Maker
INV-C0111-2,Descaler
INV-C0111-2,Extended Warranty
INV-C0112-1,Installation Kit
INV-C0112-1,Range
INV-C0112-1,Oven Liners
INV-C0112-1,Dishwasher
INV-C0112-1,Maintenance Plan
INV-C0112-2,Outdoor Fire Pit
INV-C0112-2,Weather Cover
INV-C0112-2,Extended Warranty
INV-C0112-2,Firewood Rack
INV-C0113-1,Installation Kit
INV-C0113-1,Remote Control
INV-C0113-1,Ceiling Fan
INV-C0113-2,Dishwasher
INV-C0113-2,Extended Warranty
INV-C0113-2,Maintenance Plan
INV-C0114-1,Coffee Maker
INV-C0114-1,Descaler
INV-C0114-1,Coffee Filters
INV-C0114-1,Maintenance Plan
INV-C0114-2,Extended Warranty
INV-C0114-2,Baking Tray
INV-C0114-2,Toaster Oven
INV-C0114-2,Surge Protector
INV-C0115-1,Refrigerator
INV-C0115-1,Extended Warranty
INV-C0115-1,Surge Protector
INV-C0115-2,Portable Heater
INV-C0115-2,Safety Guard
INV-C0115-2,Remote Control
INV-C0116-1,Outdoor Fire Pit
INV-C0116-1,Extended Warranty
INV-C0116-1,Firewood Rack
INV-C0116-2,Installation Kit
INV-C0116-2,Dishwasher
INV-C0116-2,Dishwasher Pods
INV-C0116-2,Extended Warranty
INV-C0117-1,Light Kit
INV-C0117-1,Extended Warranty
INV-C0117-1,Installation Kit
INV-C0117-1,Ceiling Fan
INV-C0117-2,Installation Kit
INV-C0117-2,Dishwasher
INV-C0117-2,Rinse Aid
INV-C0117-2,Water Heater
INV-C0118-1,Outdoor Fire Pit
INV-C0118-1,Installation Kit
INV-C0118-1,Ceiling Fan
INV-C0118-1,Extended Warranty
INV-C0118-1,Grill Grate
INV-C0118-2,Maintenance Plan
INV-C0118-2,Expansion Tank
INV-C0118-2,Water Heater
INV-C0119-1,Extended Warranty
INV-C0119-1,Carbon Filter
INV-C0119-1,Air Purifier
INV-C0119-2,Robot Vacuum
INV-C0119-2,Mop Attachment
INV-C0119-2,Hose Extension
INV-C0119-2,Foam Cannon
INV-C0119-2,Pressure Washer
INV-C0120-1,Range
INV-C0120-1,Extended Warranty
INV-C0120-1,Oven Liners
INV-C0120-2,Dishwasher
INV-C0120-2,Rinse Aid
INV-C0121-1,Portable Heater
INV-C0121-1,Maintenance Plan
INV-C0121-1,Safety Guard
INV-C0121-2,Microwave
INV-C0121-2,Extended Warranty
INV-C0121-2,Maintenance Plan
INV-C0122-1,Recipe Book
INV-C0122-1,Maintenance Plan
INV-C0122-1,Slow Cooker
INV-C0122-1,Extra Crock Insert
INV-C0122-2,Grill
INV-C0122-2,Grill Cover
INV-C0123-1,Stacking Kit
INV-C0123-1,Extended Warranty
INV-C0123-1,Dryer
INV-C0123-2,Installation Kit
INV-C0123-2,Extended Warranty
INV-C0123-2,Expansion Tank
INV-C0123-2,Water Heater
INV-C0124-1,Microwave
INV-C0124-1,Range
INV-C0124-1,Extended Warranty
INV-C0124-1,Cast Iron Griddle
INV-C0124-2,Patio Umbrella
INV-C0124-2,Maintenance Plan
INV-C0124-2,Patio Furniture Set
INV-C0125-1,Cushion Covers
INV-C0125-1,Furniture Covers
INV-C0125-1,Extended Warranty
INV-C0125-1,Maintenance Plan
INV-C0125-1,Patio Furniture Set
INV-C0125-2,Range
INV-C0125-2,Maintenance Plan
INV-C0125-2,Oven Liners
INV-C0126-1,Washer Hoses
INV-C0126-1,Washer
INV-C0126-1,Stacking Kit
INV-C0126-2,Grass Catcher
INV-C0126-2,Extended Warranty
INV-C0126-2,Maintenance Plan
INV-C0126-2,Lawn Mower
INV-C0127-1,Maintenance Plan
INV-C0127-1,Extended Warranty
INV-C0127-1,Hose Extension
INV-C0127-1,Pressure Washer
INV-C0127-1,Toaster Oven
INV-C0127-1,Surge Protector
INV-C0127-2,Outdoor Fire Pit
INV-C0127-2,Weather Cover
INV-C0128-1,Coffee Maker
INV-C0128-1,Descaler
INV-C0128-1,Extended Warranty
INV-C0128-2,Extended Warranty
INV-C0128-2,Slow Cooker
INV-C0129-1,Food Processor
INV-C0129-1,Extended Warranty
INV-C0129-1,Slicing Blade Set
INV-C0129-1,Maintenance Plan
INV-C0129-2,Installation Kit
INV-C0129-2,Range
INV-C0129-2,Extra Brushes
INV-C0129-2,Cast Iron Griddle
INV-C0129-2,Oven Liners
INV-C0129-2,Robot Vacuum
INV-C0129-2,Mop Attachment
INV-C0129-2,Extended Warranty
INV-C0130-1,Stacking Kit
INV-C0130-1,Recipe Book
INV-C0130-1,Stand Mixer
INV-C0130-1,Extended Warranty
INV-C0130-1,Washer
INV-C0130-2,Patio Umbrella
INV-C0130-2,Furniture Covers
INV-C0130-2,Patio Furniture Set
INV-C0131-1,Toaster Oven
INV-C0131-1,Surge Protector
INV-C0131-2,Extra Pitcher
INV-C0131-2,Extended Warranty
INV-C0131-2,Blender
INV-C0132-1,Coffee Maker
INV-C0132-1,Nozzle Set
INV-C0132-1,Coffee Filters
INV-C0132-1,Extended Warranty
INV-C0132-1,Maintenance Plan
INV-C0132-1,Pressure Washer
INV-C0132-2,Battery Pack
INV-C0132-2,Recipe Book
INV-C0132-2,Nozzle Attachment
INV-C0132-2,Leaf Blower
INV-C0132-2,Slow Cooker
INV-C0132-2,Extended Warranty
INV-C0132-2,Extra Crock Insert
INV-C0133-1,Recipe Book
INV-C0133-1,Furniture Covers
INV-C0133-1,Slow Cooker
INV-C0133-1,Extended Warranty
INV-C0133-1,Maintenance Plan
INV-C0133-1,Patio Furniture Set
INV-C0133-2,Food Processor
INV-C0133-2,Dough Blade
INV-C0133-2,Extended Warranty
INV-C0133-2,Slicing Blade Set
INV-C0134-1,Dishwasher
INV-C0134-1,Dishwasher Pods
INV-C0134-1,Extended Warranty
INV-C0134-2,Extended Warranty
INV-C0134-2,Patio Furniture Set
INV-C0135-1,Stacking Kit
INV-C0135-1,Range
INV-C0135-1,Extended Warranty
INV-C0135-1,Washer
INV-C0135-1,Maintenance Plan
INV-C0135-1,Dryer
INV-C0135-2,Spare Blades
INV-C0135-2,Grass Catcher
INV-C0135-2,Maintenance Plan
INV-C0135-2,Lawn Mower
INV-C0136-1,Outdoor Fire Pit
INV-C0136-1,Extended Warranty
INV-C0136-1,Grill Grate
INV-C0136-2,Recipe Book
INV-C0136-2,Slow Cooker
INV-C0136-2,Extra Crock Insert
INV-C0137-1,Drain Hose
INV-C0137-1,Dehumidifier
INV-C0137-1,Extended Warranty
INV-C0137-1,Maintenance Plan
INV-C0137-2,Portable Heater
INV-C0137-2,HEPA Filter
INV-C0137-2,Remote Control
INV-C0137-2,Extended Warranty
INV-C0137-2,Safety Guard
INV-C0137-2,Air Purifier
INV-C0138-1,Refrigerator
INV-C0138-1,Extended Warranty
INV-C0138-1,Surge Protector
INV-C0138-2,HEPA Filter
INV-C0138-2,Vacuum Bags
INV-C0138-2,Vacuum
INV-C0139-1,Cushion Covers
INV-C0139-1,Food Processor
INV-C0139-1,Slicing Blade Set
INV-C0139-1,Extended Warranty
INV-C0139-1,Patio Furniture Set
INV-C0139-2,Spare Blades
INV-C0139-2,Extended Warranty
INV-C0139-2,Lawn Mower
INV-C0140-1,Patio Umbrella
INV-C0140-1,Drain Hose
INV-C0140-1,Furniture Covers
INV-C0140-1,HEPA Filter
INV-C0140-1,Dehumidifier
INV-C0140-1,Extended Warranty
INV-C0140-1,Patio Furniture Set
INV-C0140-2,Propane Tank
INV-C0140-2,Grill
INV-C0140-2,Extended Warranty
INV-C0140-2,Maintenance Plan
INV-C0141-1,Outdoor Fire Pit
INV-C0141-1,Range
INV-C0141-1,Firewood Rack
INV-C0141-1,Installation Kit
INV-C0141-1,Extended Warranty
INV-C0141-1,Maintenance Plan
INV-C0141-2,Installation Kit
INV-C0141-2,Coffee Maker
INV-C0141-2,Descaler
INV-C0141-2,Coffee Filters
INV-C0141-2,Ceiling Fan
INV-C0141-2,Light Kit
INV-C0142-1,Grill Brush
INV-C0142-1,Grill
INV-C0142-1,Extended Warranty
INV-C0142-2,Patio Umbrella
INV-C0142-2,Cushion Covers
INV-C0142-2,Maintenance Plan
INV-C0142-2,Patio Furniture Set
INV-C0143-1,Patio Umbrella
INV-C0143-1,Extended Warranty
INV-C0143-1,Patio Furniture Set
INV-C0143-2,Fuel Stabilizer
INV-C0143-2,Lawn Mower
INV-C0143-2,Grass Catcher
INV-C0143-2,Propane Tank
INV-C0143-2,Grill Brush
INV-C0143-2,Grill
INV-C0143-2,Maintenance Plan
INV-C0144-1,Stacking Kit
INV-C0144-1,Extended Warranty
INV-C0144-1,Maintenance Plan
INV-C0144-1,Dryer
INV-C0144-2,Food Processor
INV-C0144-2,Slicing Blade Set
INV-C0144-2,Recipe Book
INV-C0144-2,Maintenance Plan
INV-C0145-1,Portable Heater
INV-C0145-1,Maintenance Plan
INV-C0145-1,Safety Guard
INV-C0145-2,HEPA Filter
INV-C0145-2,Air Purifier
INV-C0146-1,Dishwasher
INV-C0146-1,Rinse Aid
INV-C0146-2,Recipe Book
INV-C0146-2,Extra Pitcher
INV-C0146-2,Blender
INV-C0146-2,Blade Assembly
INV-C0147-1,Extra Brushes
INV-C0147-1,Robot Vacuum
INV-C0147-1,Extra Filters
INV-C0147-1,Extended Warranty
INV-C0147-1,Maintenance Plan
INV-C0147-2,Dryer Vent Kit
INV-C0147-2,Lint Trap
INV-C0147-2,Dryer
INV-C0148-1,Microwave
INV-C0148-1,Microwave Trim Kit
INV-C0148-1,Extended Warranty
INV-C0148-2,Food Processor
INV-C0148-2,Dough Blade
INV-C0148-2,Extended Warranty
INV-C0149-1,Food Processor
INV-C0149-1,Dough Blade
INV-C0149-1,Slicing Blade Set
INV-C0149-2,Drain Hose
INV-C0149-2,Dehumidifier
INV-C0149-2,Vacuum
INV-C0149-2,HEPA Filter
INV-C0150-1,Installation Kit
INV-C0150-1,Blender
INV-C0150-1,Water Heater
INV-C0150-1,Extra Pitcher
INV-C0150-1,Maintenance Plan
INV-C0150-2,Recipe Book
INV-C0150-2,Slow Cooker
