customer_id,date,item
C0001,2025-04-10,Refrigerator
C0001,2025-04-10,Water Filter
C0001,2025-04-10,Dryer Vent Kit
C0001,2025-04-10,Toaster Oven
C0001,2025-06-09,Stand Mixer
C0001,2025-06-16,Range
C0001,2025-06-16,Battery Pack
C0001,2025-06-16,Maintenance Plan
C0001,2025-07-08,Dehumidifier
C0001,2025-07-08,Extra Filters
C0001,2025-07-08,Maintenance Plan
C0001,2025-07-26,Refrigerator
C0001,2025-07-26,Maintenance Plan
C0002,2025-04-15,Washer
C0002,2025-04-15,Drain Hose
C0002,2025-04-15,Washer Hoses
C0002,2025-04-15,Leaf Blower
C0002,2025-04-18,Patio Furniture Set
C0002,2025-04-18,Coffee Filters
C0002,2025-04-18,Dishwasher Pods
C0002,2025-04-18,Coffee Maker
C0002,2025-04-18,Maintenance Plan
C0002,2025-06-30,Patio Furniture Set
C0002,2025-07-01,Lawn Mower
C0002,2025-07-01,Grill Brush
C0002,2025-07-01,Dehumidifier
C0002,2025-07-08,Lawn Mower
C0002,2025-07-08,Extra Brushes
C0002,2025-07-13,Air Purifier
C0003,2025-04-16,Water Heater
C0003,2025-04-16,Shoulder Strap
C0003,2025-04-16,Microwave
C0003,2025-04-16,Anode Rod
C0003,2025-05-27,Toaster Oven
C0003,2025-07-10,Pressure Washer
C0003,2025-07-16,Coffee Maker
C0004,2025-04-10,Coffee Maker
C0004,2025-04-10,Recipe Book
C0004,2025-04-10,Water Heater
C0004,2025-04-10,Maintenance Plan
C0004,2025-05-01,Food Processor
C0004,2025-06-04,Range
C0004,2025-06-04,Microwave Trim Kit
C0004,2025-06-04,Washer Hoses
C0004,2025-06-04,Installation Kit
C0004,2025-06-16,Range
C0004,2025-06-16,Robot Vacuum
C0004,2025-06-16,Vacuum Bags
C0004,2025-06-16,Maintenance Plan
C0005,2025-04-24,Patio Furniture Set
C0005,2025-06-30,Pressure Washer
C0005,2025-08-08,Blender
C0006,2025-04-21,Lawn Mower
C0006,2025-06-03,Grill
C0006,2025-06-03,Grill Brush
C0006,2025-06-03,Leaf Blower
C0006,2025-06-03,Maintenance Plan
C0006,2025-07-14,Lawn Mower
C0006,2025-07-14,Vacuum Bags
C0006,2025-07-14,Maintenance Plan
C0006,2025-08-01,Dehumidifier
C0006,2025-08-02,Water Heater
C0006,2025-08-02,Slow Cooker
C0007,2025-05-01,Patio Furniture Set
C0007,2025-05-01,Lint Trap
C0007,2025-05-01,Cushion Covers
C0007,2025-05-21,Pressure Washer
C0007,2025-05-21,Hose Extension
C0007,2025-06-05,Patio Furniture Set
C0007,2025-06-05,Portable Heater
C0007,2025-06-08,Outdoor Fire Pit
C0007,2025-06-08,Microwave Trim Kit
C0007,2025-06-08,Firewood Rack
C0007,2025-06-08,Maintenance Plan
C0007,2025-07-07,Coffee Maker
C0007,2025-07-07,Water Filter
C0007,2025-07-07,Pressure Washer
C0007,2025-07-07,Maintenance Plan
C0007,2025-07-13,Leaf Blower
C0007,2025-07-13,Maintenance Plan
C0008,2025-04-28,Outdoor Fire Pit
C0008,2025-04-28,Grill
C0008,2025-04-28,Dough Hook
C0008,2025-05-18,Dryer
C0008,2025-05-18,Drain Hose
C0008,2025-05-18,Fuel Stabilizer
C0008,2025-05-18,Maintenance Plan
C0008,2025-07-20,Stand Mixer
C0008,2025-07-20,Pouring Shield
C0008,2025-07-20,Installation Kit
C0008,2025-07-20,Patio Furniture Set
C0009,2025-05-12,Stand Mixer
C0009,2025-06-26,Toaster Oven
C0009,2025-06-26,Spare Blades
C0009,2025-06-26,Pizza Stone
C0009,2025-06-26,Pizza Stone
C0009,2025-07-13,Lawn Mower
C0009,2025-07-13,Pizza Stone
C0010,2025-05-13,Dryer
C0010,2025-05-13,Dryer Vent Kit
C0010,2025-05-13,Furniture Covers
C0010,2025-05-13,Pressure Washer
C0010,2025-05-13,Maintenance Plan
C0010,2025-05-20,Toaster Oven
C0010,2025-05-20,Grill Cover
C0010,2025-05-20,Oven Liners
C0010,2025-05-20,Furniture Covers
C0010,2025-06-04,Range
C0010,2025-06-04,Recipe Book
C0010,2025-06-04,Food Processor
C0010,2025-06-29,Dryer
C0010,2025-07-08,Coffee Maker
C0010,2025-07-08,Portable Heater
C0011,2025-04-22,Ceiling Fan
C0011,2025-04-22,Light Kit
C0011,2025-04-22,Propane Tank
C0011,2025-04-22,Leaf Blower
C0011,2025-05-24,Blender
C0011,2025-05-24,Food Processor
C0011,2025-05-24,Washer
C0011,2025-05-24,Maintenance Plan
C0011,2025-06-15,Leaf Blower
C0011,2025-06-15,Food Processor
C0012,2025-06-27,Blender
C0012,2025-07-12,Stand Mixer
C0012,2025-07-12,Blender
C0012,2025-07-12,Carbon Filter
C0012,2025-07-12,Toaster Oven
C0013,2025-04-23,Stand Mixer
C0013,2025-04-23,Weather Cover
C0013,2025-05-08,Slow Cooker
C0013,2025-05-08,Dishwasher
C0013,2025-05-13,Washer
C0013,2025-05-13,Grill Grate
C0013,2025-05-18,Vacuum
C0013,2025-05-18,Foam Cannon
C0013,2025-05-25,Toaster Oven
C0013,2025-05-25,Weather Cover
C0013,2025-05-25,Refrigerator
C0013,2025-05-25,Pizza Stone
C0013,2025-06-23,Food Processor
C0013,2025-06-23,Robot Vacuum
C0013,2025-06-23,Drain Hose
C0013,2025-07-13,Leaf Blower
C0013,2025-07-13,Water Heater
C0013,2025-07-13,Pizza Stone
C0014,2025-05-11,Food Processor
C0014,2025-05-11,Grill
C0014,2025-05-11,Patio Umbrella
C0014,2025-05-11,Portable Heater
C0014,2025-05-15,Grill
C0014,2025-05-15,Blender
C0014,2025-05-15,Safety Guard
C0014,2025-05-15,Surge Protector
C0014,2025-05-18,Microwave
C0014,2025-05-18,Oven Liners
C0014,2025-05-18,Anode Rod
C0014,2025-05-18,Maintenance Plan
C0014,2025-05-21,Washer
C0014,2025-05-21,Dryer
C0014,2025-05-21,Coffee Filters
C0014,2025-05-21,Maintenance Plan
C0014,2025-05-25,Vacuum
C0014,2025-05-25,Rinse Aid
C0014,2025-07-02,Microwave
C0014,2025-07-02,Surge Protector
C0014,2025-07-21,Range
C0015,2025-05-05,Pressure Washer
C0015,2025-05-05,Installation Kit
C0015,2025-05-18,Slow Cooker
C0015,2025-06-12,Air Purifier
C0015,2025-06-12,Drain Hose
C0015,2025-06-12,Coffee Maker
C0015,2025-06-12,HEPA Filter
C0015,2025-06-12,Maintenance Plan
C0015,2025-06-30,Slow Cooker
C0015,2025-06-30,Pouring Shield
C0015,2025-06-30,Maintenance Plan
C0015,2025-07-19,Range
C0015,2025-07-19,Maintenance Plan
C0015,2025-07-26,Water Heater
C0015,2025-07-26,Patio Furniture Set
C0015,2025-07-26,Grill Grate
C0015,2025-07-26,Expansion Tank
C0016,2025-04-19,Blender
C0016,2025-04-19,Maintenance Plan
C0016,2025-05-03,Dishwasher
C0016,2025-05-03,Rinse Aid
C0016,2025-05-03,Ceiling Fan
C0016,2025-06-02,Patio Furniture Set
C0016,2025-06-02,Battery Pack
C0016,2025-06-30,Lawn Mower
C0016,2025-06-30,Firewood Rack
C0016,2025-07-05,Blender
C0016,2025-07-05,Grill Cover
C0016,2025-07-05,Installation Kit
C0017,2025-05-16,Toaster Oven
C0017,2025-05-16,Microwave
C0017,2025-05-16,Slicing Blade Set
C0017,2025-05-23,Food Processor
C0017,2025-05-23,Extra Crock Insert
C0017,2025-05-23,Water Heater
C0017,2025-05-23,Spare Blades
C0017,2025-06-04,Coffee Maker
C0017,2025-06-04,Remote Control
C0017,2025-06-04,Extended Warranty
C0017,2025-06-04,Extended Warranty
C0018,2025-04-15,Portable Heater
C0018,2025-04-15,Microwave Trim Kit
C0018,2025-04-15,Blade Assembly
C0018,2025-04-15,Extra Brushes
C0018,2025-04-15,Maintenance Plan
C0018,2025-04-21,Coffee Maker
C0018,2025-04-21,Microwave Trim Kit
C0018,2025-04-21,Outdoor Fire Pit
C0018,2025-04-21,Remote Control
C0018,2025-05-31,Dehumidifier
C0018,2025-05-31,Mop Attachment
C0018,2025-05-31,Nozzle Attachment
C0018,2025-05-31,Pizza Stone
C0018,2025-06-30,Leaf Blower
C0018,2025-06-30,Maintenance Plan
C0018,2025-07-11,Leaf Blower
C0018,2025-07-11,Nozzle Set
C0018,2025-07-11,Dehumidifier
C0018,2025-07-11,Patio Umbrella
C0018,2025-07-19,Toaster Oven
C0019,2025-04-11,Portable Heater
C0019,2025-04-11,Slow Cooker
C0019,2025-04-11,Dough Blade
C0019,2025-04-11,Maintenance Plan
C0019,2025-04-27,Refrigerator
C0019,2025-04-27,Mop Attachment
C0019,2025-04-27,Nozzle Set
C0019,2025-04-27,Washer
C0019,2025-05-19,Robot Vacuum
C0019,2025-05-27,Patio Furniture Set
C0019,2025-05-27,Lint Trap
C0019,2025-05-27,Toaster Oven
C0019,2025-05-27,Furniture Covers
C0019,2025-05-27,Maintenance Plan
C0019,2025-07-19,Stand Mixer
C0019,2025-07-19,HEPA Filter
C0019,2025-07-24,Dryer
C0019,2025-07-30,Coffee Maker
C0019,2025-07-30,Nozzle Attachment
C0020,2025-07-04,Dryer
C0020,2025-07-04,Maintenance Plan
C0020,2025-07-06,Dryer
C0020,2025-07-06,HEPA Filter
C0021,2025-05-03,Dishwasher
C0021,2025-05-03,Rinse Aid
C0021,2025-05-03,Pressure Washer
C0021,2025-05-11,Outdoor Fire Pit
C0021,2025-06-06,Portable Heater
C0021,2025-06-06,HEPA Filter
C0021,2025-06-06,Vacuum Bags
C0021,2025-06-06,Extended Warranty
C0021,2025-07-12,Pressure Washer
C0021,2025-07-12,Maintenance Plan
C0021,2025-07-14,Refrigerator
C0021,2025-08-06,Grill
C0021,2025-08-06,Washer Hoses
C0022,2025-04-17,Food Processor
C0022,2025-04-17,Descaler
C0022,2025-05-20,Blender
C0022,2025-05-20,Outdoor Fire Pit
C0022,2025-05-27,Stand Mixer
C0022,2025-05-27,Vacuum Bags
C0022,2025-05-27,Recipe Book
C0022,2025-05-27,Microwave Trim Kit
C0022,2025-06-05,Dishwasher
C0022,2025-06-05,Spare Blades
C0022,2025-06-05,Propane Tank
C0022,2025-06-05,Maintenance Plan
C0022,2025-06-22,Microwave
C0022,2025-06-22,Mop Attachment
C0022,2025-06-22,Water Filter
C0022,2025-06-22,Maintenance Plan
C0022,2025-07-12,Stand Mixer
C0022,2025-07-12,Nozzle Set
C0022,2025-07-12,Stacking Kit
C0022,2025-07-12,Remote Control
C0023,2025-05-13,Air Purifier
C0023,2025-05-13,Cushion Covers
C0023,2025-05-13,Toaster Oven
C0023,2025-05-13,Recipe Book
C0023,2025-05-21,Grill
C0023,2025-05-21,Rinse Aid
C0024,2025-04-28,Leaf Blower
C0024,2025-04-28,Extra Filters
C0024,2025-04-28,Blade Assembly
C0024,2025-04-28,Microwave Trim Kit
C0024,2025-05-15,Coffee Maker
C0024,2025-05-15,Extended Warranty
C0024,2025-05-15,Maintenance Plan
C0024,2025-06-19,Stand Mixer
C0024,2025-06-19,Pouring Shield
C0024,2025-06-19,Vacuum
C0024,2025-06-19,Nozzle Attachment
C0024,2025-06-19,Maintenance Plan
C0024,2025-07-21,Stand Mixer
C0024,2025-07-21,Lint Trap
C0024,2025-07-21,Light Kit
C0024,2025-07-21,Extra Pitcher
C0024,2025-07-21,Maintenance Plan
C0024,2025-07-22,Stand Mixer
C0024,2025-07-22,Spare Blades
C0024,2025-07-22,Leaf Blower
C0024,2025-07-27,Ceiling Fan
C0024,2025-07-27,Drain Hose
C0024,2025-07-27,Maintenance Plan
C0025,2025-05-17,Blender
C0025,2025-05-17,Foam Cannon
C0025,2025-05-17,Hose Extension
C0025,2025-05-17,Maintenance Plan
C0025,2025-07-08,Dishwasher
C0025,2025-07-08,Foam Cannon
C0025,2025-07-08,Coffee Filters
C0025,2025-07-08,Outdoor Fire Pit
C0025,2025-07-22,Microwave
C0025,2025-07-22,Nozzle Attachment
C0025,2025-07-22,Firewood Rack
C0026,2025-04-14,Coffee Maker
C0026,2025-04-14,Lint Trap
C0026,2025-04-14,Descaler
C0026,2025-04-14,Vacuum
C0026,2025-04-22,Dryer
C0026,2025-04-22,Remote Control
C0026,2025-04-22,Slicing Blade Set
C0026,2025-04-22,Washer Hoses
C0027,2025-05-05,Range
C0027,2025-05-05,Cast Iron Griddle
C0027,2025-05-05,Blade Assembly
C0027,2025-05-05,Leaf Blower
C0027,2025-05-23,Slow Cooker
C0027,2025-05-23,Washer
C0027,2025-05-23,Toaster Oven
C0027,2025-05-23,Blender
C0028,2025-04-21,Water Heater
C0028,2025-04-21,Mop Attachment
C0028,2025-04-25,Leaf Blower
C0028,2025-04-25,Descaler
C0028,2025-04-25,Slicing Blade Set
C0028,2025-04-25,Firewood Rack
C0028,2025-04-25,Maintenance Plan
C0028,2025-05-12,Outdoor Fire Pit
C0028,2025-05-12,Dishwasher Pods
C0028,2025-07-09,Blender
C0028,2025-08-06,Refrigerator
C0029,2025-04-17,Dryer
C0029,2025-04-17,Extra Brushes
C0029,2025-04-17,Maintenance Plan
C0029,2025-06-10,Coffee Maker
C0029,2025-06-10,Lint Trap
C0029,2025-06-10,Fuel Stabilizer
C0029,2025-07-01,Food Processor
C0029,2025-07-01,Firewood Rack
C0029,2025-07-01,Fuel Stabilizer
C0029,2025-07-09,Stand Mixer
C0029,2025-07-09,Grill Brush
C0029,2025-07-13,Leaf Blower
C0029,2025-07-16,Coffee Maker
C0029,2025-07-16,Maintenance Plan
C0030,2025-04-19,Blender
C0030,2025-04-19,Recipe Book
C0030,2025-06-28,Stand Mixer
C0030,2025-08-07,Slow Cooker
C0030,2025-08-07,Extra Crock Insert
C0030,2025-08-07,Dryer Vent Kit
C0030,2025-08-07,Maintenance Plan
C0031,2025-04-28,Dishwasher
C0031,2025-04-28,Pressure Washer
C0031,2025-05-08,Microwave
C0031,2025-05-08,Surge Protector
C0031,2025-05-08,Extended Warranty
C0031,2025-05-08,Grill
C0031,2025-05-08,Maintenance Plan
C0031,2025-05-22,Air Purifier
C0031,2025-05-22,Extra Crock Insert
C0031,2025-05-22,Dehumidifier
C0031,2025-07-13,Water Heater
C0031,2025-07-13,Stand Mixer
C0031,2025-07-13,Cast Iron Griddle
C0031,2025-07-13,Water Filter
C0031,2025-07-13,Maintenance Plan
C0032,2025-04-25,Air Purifier
C0032,2025-04-25,Water Filter
C0032,2025-05-07,Air Purifier
C0032,2025-05-07,Vacuum
C0032,2025-05-07,Maintenance Plan
C0032,2025-05-16,Grill
C0032,2025-05-16,Stand Mixer
C0032,2025-05-16,Blender
C0032,2025-05-16,Propane Tank
C0032,2025-06-10,Lawn Mower
C0032,2025-06-20,Robot Vacuum
C0032,2025-06-20,HEPA Filter
C0032,2025-06-20,Furniture Covers
C0032,2025-07-25,Robot Vacuum
C0032,2025-07-25,Dough Blade
C0032,2025-07-25,Fuel Stabilizer
C0032,2025-08-06,Coffee Maker
C0032,2025-08-06,Light Kit
C0032,2025-08-06,Coffee Filters
C0032,2025-08-06,Maintenance Plan
C0033,2025-05-02,Dehumidifier
C0033,2025-05-05,Dehumidifier
C0033,2025-05-05,Range
C0033,2025-05-05,Dough Blade
C0033,2025-05-05,Dehumidifier
C0033,2025-07-10,Lawn Mower
C0033,2025-07-10,Microwave
C0033,2025-07-10,Maintenance Plan
C0034,2025-07-07,Robot Vacuum
C0034,2025-07-07,Shoulder Strap
C0034,2025-07-07,Toaster Oven
C0034,2025-07-07,Hose Extension
C0034,2025-07-12,Grill
C0034,2025-07-12,Ceiling Fan
C0034,2025-07-12,Grill Brush
C0034,2025-07-12,Range
C0034,2025-07-12,Maintenance Plan
C0035,2025-04-14,Range
C0035,2025-04-14,Lint Trap
C0035,2025-04-14,Slow Cooker
C0035,2025-05-03,Slow Cooker
C0035,2025-05-03,Maintenance Plan
C0035,2025-05-11,Pressure Washer
C0035,2025-05-11,Robot Vacuum
C0035,2025-05-14,Water Heater
C0035,2025-05-14,Lawn Mower
C0035,2025-05-14,Stacking Kit
C0035,2025-05-14,Expansion Tank
C0035,2025-05-14,Maintenance Plan
C0035,2025-05-26,Outdoor Fire Pit
C0035,2025-05-26,Grill Brush
C0035,2025-05-26,Baking Tray
C0035,2025-05-26,Shoulder Strap
C0035,2025-05-26,Maintenance Plan
C0035,2025-06-21,Vacuum
C0035,2025-06-21,Maintenance Plan
C0035,2025-07-25,Range
C0035,2025-07-25,Cast Iron Griddle
C0036,2025-04-12,Pressure Washer
C0036,2025-04-12,Extended Warranty
C0036,2025-04-22,Lawn Mower
C0036,2025-04-22,Hose Extension
C0036,2025-04-22,Pouring Shield
C0036,2025-04-22,Coffee Filters
C0037,2025-04-15,Robot Vacuum
C0037,2025-04-15,Coffee Maker
C0037,2025-04-15,Cushion Covers
C0037,2025-04-25,Portable Heater
C0037,2025-04-25,Slow Cooker
C0037,2025-04-25,Maintenance Plan
C0037,2025-05-02,Ceiling Fan
C0037,2025-05-02,Recipe Book
C0037,2025-05-02,Dishwasher Pods
C0037,2025-05-02,Safety Guard
C0037,2025-05-14,Stand Mixer
C0037,2025-05-14,Nozzle Set
C0037,2025-05-14,Nozzle Set
C0037,2025-05-14,Battery Pack
C0037,2025-06-08,Dishwasher
C0037,2025-06-08,Extra Filters
C0037,2025-06-08,Dryer
C0037,2025-06-12,Toaster Oven
C0037,2025-06-12,Shoulder Strap
C0037,2025-06-12,Spare Blades
C0037,2025-06-12,Maintenance Plan
C0037,2025-06-23,Robot Vacuum
C0037,2025-06-23,Washer Hoses
C0038,2025-06-03,Lawn Mower
C0038,2025-07-03,Robot Vacuum
C0038,2025-07-03,Carbon Filter
C0038,2025-07-30,Robot Vacuum
C0038,2025-07-30,Maintenance Plan
C0039,2025-05-30,Dishwasher
C0039,2025-05-30,Maintenance Plan
C0039,2025-06-07,Lawn Mower
C0039,2025-06-07,Toaster Oven
C0039,2025-06-07,Nozzle Set
C0039,2025-06-30,Dishwasher
C0039,2025-07-18,Robot Vacuum
C0039,2025-08-07,Dishwasher
C0039,2025-08-07,Coffee Maker
C0039,2025-08-07,Extra Pitcher
C0039,2025-08-07,Maintenance Plan
C0040,2025-06-25,Robot Vacuum
C0040,2025-06-25,Cast Iron Griddle
C0040,2025-06-25,Microwave
C0040,2025-08-05,Slow Cooker
C0041,2025-05-16,Air Purifier
C0041,2025-05-16,Pressure Washer
C0041,2025-06-01,Grill
C0041,2025-06-01,Nozzle Attachment
C0041,2025-06-01,Lint Trap
C0041,2025-06-01,Patio Furniture Set
C0041,2025-06-01,Maintenance Plan
C0041,2025-06-22,Pressure Washer
C0041,2025-06-22,Grill Grate
C0041,2025-06-22,Lawn Mower
C0041,2025-08-05,Food Processor
C0041,2025-08-05,Baking Tray
C0041,2025-08-05,Extra Crock Insert
C0041,2025-08-05,Maintenance Plan
C0042,2025-04-11,Range
C0042,2025-04-11,Extra Brushes
C0042,2025-05-25,Air Purifier
C0042,2025-05-25,Stacking Kit
C0042,2025-05-25,Dough Blade
C0042,2025-05-25,Maintenance Plan
C0042,2025-05-29,Refrigerator
C0042,2025-05-29,Microwave Trim Kit
C0042,2025-05-30,Blender
C0042,2025-05-30,Patio Furniture Set
C0042,2025-05-30,Hose Extension
C0042,2025-05-30,Safety Guard
C0042,2025-06-23,Patio Furniture Set
C0042,2025-08-06,Leaf Blower
C0042,2025-08-06,Grass Catcher
C0043,2025-05-05,Dehumidifier
C0043,2025-05-05,Safety Guard
C0043,2025-05-05,HEPA Filter
C0043,2025-06-27,Outdoor Fire Pit
C0043,2025-06-27,Extended Warranty
C0043,2025-06-27,Nozzle Set
C0043,2025-06-27,Nozzle Set
C0043,2025-07-05,Toaster Oven
C0043,2025-07-05,Maintenance Plan
C0044,2025-04-25,Toaster Oven
C0044,2025-04-25,Stand Mixer
C0044,2025-04-25,Outdoor Fire Pit
C0044,2025-04-29,Slow Cooker
C0044,2025-04-29,Extended Warranty
C0044,2025-04-29,Extra Filters
C0044,2025-04-29,Extra Filters
C0044,2025-05-30,Dehumidifier
C0044,2025-05-30,Nozzle Set
C0044,2025-05-30,Air Purifier
C0044,2025-05-30,Propane Tank
C0044,2025-06-12,Stand Mixer
C0044,2025-06-12,Extended Warranty
C0044,2025-06-12,Light Kit
C0044,2025-06-12,Remote Control
C0044,2025-06-22,Stand Mixer
C0044,2025-06-22,Ceiling Fan
C0044,2025-06-23,Water Heater
C0044,2025-06-23,Washer
C0044,2025-06-23,Maintenance Plan
C0045,2025-04-11,Air Purifier
C0045,2025-04-11,Extended Warranty
C0045,2025-04-11,Installation Kit
C0045,2025-04-11,Extended Warranty
C0045,2025-04-13,Toaster Oven
C0045,2025-04-13,Food Processor
C0045,2025-04-13,Extra Pitcher
C0045,2025-04-13,Nozzle Set
C0045,2025-04-16,Refrigerator
C0045,2025-08-02,Dryer
C0045,2025-08-02,Foam Cannon
C0045,2025-08-02,Furniture Covers
C0045,2025-08-02,Lint Trap
C0045,2025-08-04,Coffee Maker
C0045,2025-08-04,Grill Brush
C0045,2025-08-04,Fuel Stabilizer
C0045,2025-08-04,Mop Attachment
C0046,2025-06-16,Washer
C0046,2025-06-16,Firewood Rack
C0046,2025-07-07,Washer
C0046,2025-07-07,Lawn Mower
C0046,2025-07-07,Coffee Maker
C0046,2025-07-14,Pressure Washer
C0046,2025-07-14,Robot Vacuum
C0046,2025-07-14,Weather Cover
C0046,2025-07-23,Toaster Oven
C0046,2025-07-23,Leaf Blower
C0047,2025-05-04,Toaster Oven
C0047,2025-05-04,Baking Tray
C0047,2025-06-13,Dryer
C0047,2025-06-13,Lint Trap
C0047,2025-06-13,Outdoor Fire Pit
C0047,2025-08-02,Pressure Washer
C0047,2025-08-02,Air Purifier
C0047,2025-08-02,Air Purifier
C0047,2025-08-02,Patio Umbrella
C0048,2025-04-22,Refrigerator
C0048,2025-04-22,Maintenance Plan
C0048,2025-05-30,Food Processor
C0048,2025-05-30,Spare Blades
C0048,2025-05-30,Stand Mixer
C0048,2025-06-24,Microwave
C0048,2025-06-24,Grill
C0048,2025-06-24,Maintenance Plan
C0048,2025-07-26,Range
C0048,2025-07-26,Maintenance Plan
C0049,2025-05-01,Food Processor
C0049,2025-05-01,Oven Liners
C0049,2025-05-01,Shoulder Strap
C0049,2025-05-01,Blender
C0049,2025-05-01,Maintenance Plan
C0049,2025-06-15,Patio Furniture Set
C0049,2025-06-15,Cushion Covers
C0049,2025-06-15,Drain Hose
C0050,2025-05-14,Dryer
C0050,2025-06-29,Slow Cooker
C0050,2025-06-29,Anode Rod
C0050,2025-06-29,Dryer
C0050,2025-06-29,Foam Cannon
C0051,2025-04-16,Dehumidifier
C0051,2025-04-16,Dryer
C0051,2025-04-16,Maintenance Plan
C0051,2025-06-05,Ceiling Fan
C0051,2025-06-05,Extra Pitcher
C0052,2025-05-12,Food Processor
C0052,2025-05-12,Maintenance Plan
C0052,2025-05-18,Stand Mixer
C0052,2025-05-18,Furniture Covers
C0052,2025-06-02,Pressure Washer
C0052,2025-06-02,Baking Tray
C0052,2025-06-02,Slow Cooker
C0052,2025-06-02,Cast Iron Griddle
C0052,2025-06-02,Maintenance Plan
C0052,2025-06-26,Stand Mixer
C0052,2025-06-26,Air Purifier
C0052,2025-08-01,Stand Mixer
C0052,2025-08-01,Coffee Maker
C0052,2025-08-01,Light Kit
C0053,2025-04-18,Blender
C0053,2025-04-18,Firewood Rack
C0053,2025-04-25,Blender
C0053,2025-04-25,Furniture Covers
C0053,2025-06-03,Refrigerator
C0053,2025-06-03,Spare Blades
C0053,2025-06-03,Expansion Tank
C0053,2025-06-03,Maintenance Plan
C0053,2025-07-02,Coffee Maker
C0053,2025-07-02,Installation Kit
C0053,2025-07-02,Remote Control
C0053,2025-07-24,Slow Cooker
C0053,2025-07-24,Dishwasher
C0054,2025-05-06,Robot Vacuum
C0054,2025-05-06,Dryer Vent Kit
C0054,2025-05-18,Microwave
C0054,2025-05-18,Nozzle Attachment
C0054,2025-05-18,Grill Cover
C0054,2025-05-28,Portable Heater
C0054,2025-05-28,Grass Catcher
C0054,2025-05-31,Microwave
C0054,2025-06-09,Washer
C0054,2025-06-09,Remote Control
C0054,2025-06-09,Robot Vacuum
C0054,2025-06-09,Maintenance Plan
C0054,2025-06-23,Pressure Washer
C0054,2025-06-23,Extra Filters
C0054,2025-06-29,Washer
C0054,2025-06-29,Safety Guard
C0054,2025-06-29,Maintenance Plan
C0055,2025-04-23,Washer
C0055,2025-04-23,Slow Cooker
C0055,2025-04-23,Robot Vacuum
C0055,2025-04-23,Maintenance Plan
C0055,2025-07-03,Pressure Washer
C0055,2025-07-03,Ceiling Fan
C0055,2025-07-03,Extra Brushes
C0055,2025-08-02,Stand Mixer
C0055,2025-08-02,Extra Pitcher
C0055,2025-08-02,Shoulder Strap
C0056,2025-04-26,Range
C0056,2025-05-15,Leaf Blower
C0056,2025-05-15,Stand Mixer
C0056,2025-05-15,Baking Tray
C0056,2025-06-29,Slow Cooker
C0056,2025-06-29,Weather Cover
C0056,2025-07-29,Lawn Mower
C0056,2025-07-29,Maintenance Plan
C0056,2025-07-29,Dryer
C0056,2025-07-29,Toaster Oven
C0056,2025-07-29,Range
C0056,2025-07-31,Dishwasher
C0056,2025-07-31,Battery Pack
C0056,2025-07-31,Dishwasher Pods
C0056,2025-07-31,Dishwasher Pods
C0056,2025-08-07,Stand Mixer
C0057,2025-05-02,Food Processor
C0057,2025-05-02,Vacuum
C0057,2025-05-02,Pouring Shield
C0057,2025-05-09,Refrigerator
C0057,2025-06-21,Patio Furniture Set
C0057,2025-06-21,Stand Mixer
C0057,2025-06-21,Spare Blades
C0057,2025-06-21,Pressure Washer
C0057,2025-06-30,Leaf Blower
C0057,2025-06-30,Maintenance Plan
C0057,2025-07-26,Water Heater
C0057,2025-07-26,Range
C0057,2025-08-08,Washer
C0057,2025-08-08,Propane Tank
C0057,2025-08-08,Food Processor
C0057,2025-08-08,Rinse Aid
C0058,2025-04-21,Slow Cooker
C0058,2025-04-21,Pouring Shield
C0058,2025-04-21,Recipe Book
C0058,2025-05-24,Lawn Mower
C0058,2025-05-24,HEPA Filter
C0058,2025-05-24,Pizza Stone
C0058,2025-05-24,Drain Hose
C0058,2025-06-03,Patio Furniture Set
C0058,2025-06-03,Grill Cover
C0058,2025-06-03,Maintenance Plan
C0058,2025-06-16,Pressure Washer
C0058,2025-06-16,Dishwasher Pods
C0058,2025-06-16,Dishwasher
C0059,2025-05-11,Dishwasher
C0059,2025-05-11,Firewood Rack
C0059,2025-05-13,Coffee Maker
C0059,2025-05-13,Coffee Filters
C0059,2025-05-13,Patio Umbrella
C0059,2025-06-18,Food Processor
C0059,2025-06-18,Recipe Book
C0059,2025-06-18,Maintenance Plan
C0060,2025-04-27,Microwave
C0060,2025-04-27,Mop Attachment
C0060,2025-04-27,Maintenance Plan
C0060,2025-05-18,Lawn Mower
C0060,2025-05-24,Patio Furniture Set
C0060,2025-05-24,Patio Umbrella
C0060,2025-05-24,Maintenance Plan
C0060,2025-06-05,Slow Cooker
C0060,2025-06-05,Safety Guard
C0060,2025-06-05,Coffee Maker
C0060,2025-06-05,Extended Warranty
C0060,2025-07-01,Coffee Maker
C0060,2025-07-01,Maintenance Plan
C0060,2025-07-08,Air Purifier
C0060,2025-07-08,Dishwasher Pods
C0060,2025-07-08,Pizza Stone
C0060,2025-08-07,Dryer
C0060,2025-08-07,Extra Crock Insert
C0061,2025-04-19,Dishwasher
C0061,2025-05-01,Patio Furniture Set
C0061,2025-05-01,Cast Iron Griddle
C0061,2025-05-01,Portable Heater
C0061,2025-05-01,Water Heater
C0061,2025-05-17,Dryer
C0061,2025-05-17,Washer Hoses
C0061,2025-05-17,Installation Kit
C0061,2025-05-17,Robot Vacuum
C0061,2025-06-20,Blender
C0062,2025-05-12,Vacuum
C0062,2025-05-12,Maintenance Plan
C0062,2025-06-27,Refrigerator
C0062,2025-07-02,Microwave
C0062,2025-07-02,Food Processor
C0062,2025-07-02,Washer Hoses
C0062,2025-07-02,Leaf Blower
C0062,2025-07-02,Carbon Filter
C0062,2025-07-08,Grill
C0062,2025-07-08,Furniture Covers
C0062,2025-07-08,Oven Liners
C0062,2025-07-12,Vacuum
C0062,2025-07-12,Dehumidifier
C0062,2025-07-12,Vacuum Bags
C0062,2025-08-07,Air Purifier
C0062,2025-08-07,Blender
C0062,2025-08-07,Maintenance Plan
C0063,2025-04-16,Coffee Maker
C0063,2025-04-16,Food Processor
C0063,2025-04-16,Pressure Washer
C0063,2025-04-16,Weather Cover
C0063,2025-05-31,Lawn Mower
C0063,2025-05-31,Maintenance Plan
C0063,2025-07-09,Vacuum
C0063,2025-07-09,Dehumidifier
C0063,2025-07-23,Stand Mixer
C0063,2025-08-03,Slow Cooker
C0063,2025-08-03,Dough Blade
C0063,2025-08-03,Propane Tank
C0063,2025-08-03,Air Purifier
C0063,2025-08-05,Robot Vacuum
C0063,2025-08-05,Descaler
C0063,2025-08-05,Carbon Filter
C0063,2025-08-05,Blender
C0063,2025-08-08,Water Heater
C0064,2025-05-01,Refrigerator
C0064,2025-05-01,Spare Blades
C0064,2025-05-01,Pressure Washer
C0064,2025-05-01,Nozzle Attachment
C0064,2025-05-02,Portable Heater
C0064,2025-05-02,Light Kit
C0064,2025-05-02,Grill Brush
C0064,2025-05-17,Lawn Mower
C0064,2025-05-17,Water Filter
C0064,2025-05-28,Dehumidifier
C0064,2025-07-11,Dishwasher
C0064,2025-07-11,Nozzle Attachment
C0064,2025-07-11,Extended Warranty
C0064,2025-07-24,Blender
C0064,2025-07-24,Patio Furniture Set
C0064,2025-07-24,Coffee Maker
C0064,2025-07-24,Slow Cooker
C0064,2025-08-03,Lawn Mower
C0065,2025-06-06,Pressure Washer
C0065,2025-06-06,Maintenance Plan
C0065,2025-07-05,Ceiling Fan
C0065,2025-07-05,Light Kit
C0065,2025-07-05,Vacuum Bags
C0065,2025-07-13,Vacuum
C0065,2025-07-13,Furniture Covers
C0065,2025-07-13,Coffee Maker
C0065,2025-07-13,Dishwasher Pods
C0066,2025-04-24,Lawn Mower
C0066,2025-04-24,Maintenance Plan
C0066,2025-05-08,Leaf Blower
C0066,2025-05-08,Pressure Washer
C0066,2025-05-08,Dough Hook
C0066,2025-05-12,Portable Heater
C0066,2025-07-14,Ceiling Fan
C0066,2025-07-26,Leaf Blower
C0066,2025-07-29,Microwave
C0067,2025-04-23,Range
C0067,2025-04-23,Light Kit
C0067,2025-05-30,Microwave
C0067,2025-05-30,Robot Vacuum
C0067,2025-05-30,Blender
C0067,2025-05-30,Maintenance Plan
C0067,2025-06-07,Blender
C0067,2025-06-07,Maintenance Plan
C0067,2025-06-14,Dehumidifier
C0067,2025-06-14,Grill Cover
C0067,2025-06-14,Maintenance Plan
C0067,2025-06-18,Microwave
C0067,2025-06-18,Surge Protector
C0067,2025-06-18,Cast Iron Griddle
C0067,2025-06-18,Water Heater
C0067,2025-06-18,Maintenance Plan
C0067,2025-07-06,Dryer
C0067,2025-07-06,Dishwasher Pods
C0067,2025-07-06,Recipe Book
C0067,2025-07-25,Patio Furniture Set
C0068,2025-05-10,Robot Vacuum
C0068,2025-05-10,Pizza Stone
C0068,2025-05-10,Battery Pack
C0068,2025-05-27,Dryer
C0068,2025-05-27,Lint Trap
C0068,2025-05-27,Shoulder Strap
C0068,2025-05-27,Maintenance Plan
C0069,2025-04-12,Ceiling Fan
C0069,2025-04-12,Cushion Covers
C0069,2025-04-12,Anode Rod
C0069,2025-04-12,Coffee Maker
C0069,2025-05-04,Range
C0069,2025-05-04,Leaf Blower
C0069,2025-05-11,Leaf Blower
C0069,2025-05-11,Shoulder Strap
C0069,2025-05-11,Nozzle Attachment
C0069,2025-05-11,Dryer
C0069,2025-05-12,Patio Furniture Set
C0069,2025-05-12,Washer
C0069,2025-05-12,Anode Rod
C0069,2025-05-25,Microwave
C0069,2025-05-25,Leaf Blower
C0069,2025-05-25,Surge Protector
C0069,2025-05-25,Shoulder Strap
C0069,2025-05-25,Maintenance Plan
C0069,2025-06-06,Range
C0069,2025-06-06,Shoulder Strap
C0069,2025-06-06,Water Filter
C0069,2025-06-06,Patio Furniture Set
C0069,2025-07-07,Vacuum
C0070,2025-04-26,Dishwasher
C0070,2025-04-26,Dishwasher Pods
C0070,2025-05-07,Slow Cooker
C0070,2025-05-07,Microwave
C0070,2025-05-07,Foam Cannon
C0070,2025-05-19,Refrigerator
C0070,2025-05-19,Nozzle Set
C0070,2025-05-19,Extra Pitcher
C0070,2025-05-19,Maintenance Plan
C0070,2025-06-24,Slow Cooker
C0070,2025-06-28,Outdoor Fire Pit
C0070,2025-06-28,Extended Warranty
C0070,2025-08-02,Robot Vacuum
C0070,2025-08-02,Extra Filters
C0070,2025-08-02,Lint Trap
C0071,2025-04-14,Portable Heater
C0071,2025-07-08,Patio Furniture Set
C0071,2025-07-08,Nozzle Set
C0071,2025-07-08,Nozzle Set
C0071,2025-07-08,Firewood Rack
C0071,2025-08-05,Vacuum
C0071,2025-08-05,Portable Heater
C0072,2025-05-26,Lawn Mower
C0072,2025-05-26,Foam Cannon
C0072,2025-06-14,Stand Mixer
C0072,2025-06-14,Blender
C0072,2025-06-14,Extra Crock Insert
C0072,2025-07-13,Food Processor
C0072,2025-07-13,Stand Mixer
C0072,2025-07-13,Shoulder Strap
C0072,2025-07-28,Microwave
C0072,2025-07-28,Drain Hose
C0073,2025-05-18,Range
C0073,2025-05-18,Maintenance Plan
C0073,2025-05-30,Outdoor Fire Pit
C0073,2025-05-30,Extended Warranty
C0073,2025-05-30,Lint Trap
C0073,2025-05-31,Water Heater
C0073,2025-06-06,Ceiling Fan
C0073,2025-06-07,Grill
C0073,2025-06-07,Water Heater
C0073,2025-06-07,Food Processor
C0073,2025-06-21,Toaster Oven
C0073,2025-07-17,Water Heater
C0073,2025-07-17,Expansion Tank
C0074,2025-05-01,Lawn Mower
C0074,2025-05-01,Expansion Tank
C0074,2025-05-01,Anode Rod
C0074,2025-05-01,Maintenance Plan
C0074,2025-07-16,Slow Cooker
C0074,2025-07-16,Stand Mixer
C0075,2025-04-17,Microwave
C0075,2025-04-17,Maintenance Plan
C0075,2025-04-22,Ceiling Fan
C0075,2025-04-22,Propane Tank
C0075,2025-04-22,Air Purifier
C0075,2025-05-05,Lawn Mower
C0075,2025-05-10,Refrigerator
C0075,2025-05-10,Extra Filters
C0075,2025-07-01,Refrigerator
C0075,2025-07-01,Grass Catcher
C0075,2025-07-01,Pressure Washer
C0075,2025-07-01,Extra Pitcher
C0075,2025-07-01,Maintenance Plan
C0075,2025-07-12,Toaster Oven
C0075,2025-07-12,Maintenance Plan
C0076,2025-05-12,Slow Cooker
C0076,2025-05-12,Maintenance Plan
C0076,2025-05-22,Water Heater
C0076,2025-05-22,Baking Tray
C0076,2025-05-22,Lint Trap
C0076,2025-05-31,Water Heater
C0076,2025-05-31,Blender
C0076,2025-05-31,Maintenance Plan
C0076,2025-06-12,Microwave
C0076,2025-06-25,Blender
C0076,2025-06-25,Extra Pitcher
C0076,2025-06-25,Pizza Stone
C0076,2025-06-25,Slow Cooker
C0076,2025-06-25,Maintenance Plan
C0076,2025-07-18,Dehumidifier
C0076,2025-07-18,Drain Hose
C0076,2025-07-18,Mop Attachment
C0077,2025-04-14,Lawn Mower
C0077,2025-04-14,Light Kit
C0077,2025-04-14,Food Processor
C0077,2025-04-14,Installation Kit
C0077,2025-05-19,Air Purifier
C0077,2025-07-01,Dryer
C0077,2025-07-01,Descaler
C0077,2025-07-01,Outdoor Fire Pit
C0077,2025-07-16,Washer
C0077,2025-07-18,Dryer
C0078,2025-05-03,Air Purifier
C0078,2025-05-03,Pressure Washer
C0078,2025-05-03,Surge Protector
C0078,2025-06-20,Patio Furniture Set
C0078,2025-06-20,Installation Kit
C0078,2025-07-18,Pressure Washer
C0078,2025-07-18,Grill Brush
C0079,2025-05-24,Stand Mixer
C0079,2025-05-24,Dough Hook
C0079,2025-05-24,Refrigerator
C0079,2025-05-24,Baking Tray
C0079,2025-06-30,Refrigerator
C0079,2025-08-04,Stand Mixer
C0079,2025-08-04,Blender
C0079,2025-08-04,Microwave Trim Kit
C0080,2025-05-08,Refrigerator
C0080,2025-05-08,Anode Rod
C0080,2025-05-08,Recipe Book
C0080,2025-05-08,Maintenance Plan
C0080,2025-06-29,Blender
C0080,2025-06-29,Extra Crock Insert
C0080,2025-07-03,Air Purifier
C0080,2025-07-03,Stacking Kit
C0080,2025-07-03,HEPA Filter
C0080,2025-07-29,Range
C0080,2025-07-29,Slow Cooker
C0080,2025-07-29,Spare Blades
C0080,2025-07-29,Expansion Tank
C0080,2025-08-08,Grill
C0080,2025-08-08,Ceiling Fan
C0080,2025-08-08,Air Purifier
C0081,2025-04-30,Dehumidifier
C0081,2025-04-30,Drain Hose
C0081,2025-04-30,Blade Assembly
C0081,2025-04-30,Refrigerator
C0081,2025-05-20,Outdoor Fire Pit
C0081,2025-05-20,Blade Assembly
C0081,2025-05-20,Rinse Aid
C0081,2025-07-06,Toaster Oven
C0081,2025-07-06,Weather Cover
C0082,2025-04-24,Microwave
C0082,2025-04-24,Maintenance Plan
C0082,2025-07-22,Grill
C0082,2025-07-22,HEPA Filter
C0083,2025-05-30,Washer
C0083,2025-05-30,Extra Crock Insert
C0083,2025-05-30,Vacuum Bags
C0083,2025-05-30,Recipe Book
C0083,2025-06-08,Dishwasher
C0083,2025-06-08,Dough Blade
C0083,2025-07-06,Refrigerator
C0083,2025-07-06,Maintenance Plan
C0084,2025-04-23,Refrigerator
C0084,2025-05-09,Water Heater
C0084,2025-06-04,Dryer
C0084,2025-06-04,Water Filter
C0084,2025-06-04,Light Kit
C0084,2025-06-04,Air Purifier
C0084,2025-06-04,Maintenance Plan
C0084,2025-06-22,Portable Heater
C0084,2025-06-22,Patio Umbrella
C0084,2025-07-08,Dryer
C0084,2025-07-08,Spare Blades
C0084,2025-07-08,Washer Hoses
C0084,2025-07-08,Maintenance Plan
C0084,2025-07-12,Coffee Maker
C0084,2025-07-12,Pressure Washer
C0085,2025-04-11,Washer
C0085,2025-04-11,Maintenance Plan
C0085,2025-05-13,Dishwasher
C0085,2025-05-13,Rinse Aid
C0085,2025-05-13,Washer
C0085,2025-05-13,Extended Warranty
C0085,2025-05-14,Dishwasher
C0085,2025-05-14,Leaf Blower
C0085,2025-05-14,Leaf Blower
C0085,2025-05-14,Portable Heater
C0086,2025-05-14,Stand Mixer
C0086,2025-05-14,Food Processor
C0086,2025-05-20,Toaster Oven
C0086,2025-05-20,Surge Protector
C0086,2025-05-31,Vacuum
C0086,2025-05-31,Pouring Shield
C0086,2025-05-31,Range
C0086,2025-06-02,Coffee Maker
C0086,2025-06-02,Maintenance Plan
C0086,2025-06-03,Dehumidifier
C0086,2025-06-18,Dishwasher
C0086,2025-06-18,Pouring Shield
C0086,2025-06-18,Extra Crock Insert
C0086,2025-06-18,Oven Liners
C0086,2025-07-10,Water Heater
C0086,2025-07-10,Washer Hoses
C0086,2025-07-10,Air Purifier
C0086,2025-07-10,Pressure Washer
C0087,2025-05-10,Lawn Mower
C0087,2025-05-10,Food Processor
C0087,2025-05-10,Blender
C0087,2025-05-10,Water Filter
C0087,2025-05-23,Leaf Blower
C0087,2025-05-23,Battery Pack
C0087,2025-05-23,Safety Guard
C0087,2025-05-28,Dehumidifier
C0087,2025-05-28,Dryer Vent Kit
C0087,2025-05-28,Shoulder Strap
C0087,2025-06-18,Blender
C0087,2025-06-18,Lint Trap
C0087,2025-06-18,Weather Cover
C0087,2025-06-18,Blade Assembly
C0087,2025-06-24,Blender
C0087,2025-06-24,Installation Kit
C0087,2025-07-24,Vacuum
C0087,2025-07-24,Descaler
C0088,2025-06-30,Lawn Mower
C0088,2025-07-24,Blender
C0088,2025-07-24,Coffee Filters
C0088,2025-07-24,Cushion Covers
C0088,2025-07-24,Dryer Vent Kit
C0088,2025-07-24,Maintenance Plan
C0088,2025-07-28,Blender
C0088,2025-07-28,Grill
C0088,2025-07-28,Blender
C0089,2025-04-24,Outdoor Fire Pit
C0089,2025-04-24,Remote Control
C0089,2025-04-24,Maintenance Plan
C0089,2025-06-06,Leaf Blower
C0089,2025-06-06,Firewood Rack
C0089,2025-06-10,Vacuum
C0089,2025-06-10,Lawn Mower
C0089,2025-06-10,Safety Guard
C0089,2025-06-30,Portable Heater
C0089,2025-06-30,Air Purifier
C0089,2025-07-07,Ceiling Fan
C0089,2025-07-07,Extra Filters
C0090,2025-05-10,Slow Cooker
C0090,2025-05-12,Food Processor
C0090,2025-05-12,Maintenance Plan
C0090,2025-05-13,Toaster Oven
C0090,2025-05-13,Oven Liners
C0090,2025-05-13,Firewood Rack
C0090,2025-05-13,Maintenance Plan
C0090,2025-07-25,Slow Cooker
C0090,2025-07-25,Extra Pitcher
C0090,2025-07-25,Pressure Washer
C0090,2025-07-25,Extra Brushes
C0091,2025-05-10,Ceiling Fan
C0091,2025-05-10,Vacuum
C0091,2025-05-10,Maintenance Plan
C0091,2025-05-12,Pressure Washer
C0091,2025-05-12,Blender
C0091,2025-05-12,Drain Hose
C0091,2025-05-25,Washer
C0091,2025-05-25,Foam Cannon
C0091,2025-05-25,Leaf Blower
C0091,2025-05-25,Installation Kit
C0091,2025-05-29,Patio Furniture Set
C0091,2025-05-29,Maintenance Plan
C0091,2025-06-26,Ceiling Fan
C0091,2025-06-26,Vacuum Bags
C0091,2025-06-26,Pouring Shield
C0091,2025-06-26,HEPA Filter
C0091,2025-07-22,Range
C0091,2025-07-27,Food Processor
C0091,2025-07-27,Leaf Blower
C0092,2025-04-15,Leaf Blower
C0092,2025-04-15,Microwave Trim Kit
C0092,2025-04-15,Remote Control
C0092,2025-05-05,Dryer
C0092,2025-05-05,Maintenance Plan
C0092,2025-05-09,Washer
C0092,2025-05-09,Maintenance Plan
C0092,2025-05-31,Washer
C0092,2025-05-31,Microwave Trim Kit
C0092,2025-05-31,Maintenance Plan
C0092,2025-06-18,Leaf Blower
C0092,2025-06-18,Pressure Washer
C0092,2025-07-13,Dishwasher
C0092,2025-07-13,Shoulder Strap
C0092,2025-07-13,Dehumidifier
C0092,2025-07-13,Furniture Covers
C0092,2025-07-13,Maintenance Plan
C0092,2025-08-06,Lawn Mower
C0092,2025-08-06,Extra Pitcher
C0092,2025-08-06,Maintenance Plan
C0093,2025-05-03,Air Purifier
C0093,2025-05-03,Carbon Filter
C0093,2025-05-03,Foam Cannon
C0093,2025-06-17,Grill
C0093,2025-06-17,Hose Extension
C0093,2025-06-17,Grill Brush
C0093,2025-06-17,Blade Assembly
C0094,2025-05-12,Grill
C0094,2025-05-12,Dehumidifier
C0094,2025-05-12,Maintenance Plan
C0094,2025-06-04,Lawn Mower
C0094,2025-06-04,Vacuum
C0094,2025-06-04,Patio Furniture Set
C0094,2025-06-18,Microwave
C0094,2025-06-18,Vacuum
C0094,2025-06-18,Firewood Rack
C0094,2025-07-21,Pressure Washer
C0094,2025-07-28,Refrigerator
C0095,2025-04-14,Slow Cooker
C0095,2025-04-14,Dough Hook
C0095,2025-04-14,Drain Hose
C0095,2025-05-08,Dehumidifier
C0095,2025-05-08,Fuel Stabilizer
C0095,2025-05-08,Pouring Shield
C0095,2025-05-08,Drain Hose
C0095,2025-05-08,Maintenance Plan
C0095,2025-05-15,Range
C0095,2025-05-15,Slow Cooker
C0095,2025-05-15,Ceiling Fan
C0095,2025-05-15,Coffee Filters
C0095,2025-05-21,Dehumidifier
C0095,2025-05-21,Dough Blade
C0095,2025-05-21,Vacuum
C0095,2025-05-21,Leaf Blower
C0095,2025-07-20,Food Processor
C0095,2025-07-20,Pressure Washer
C0095,2025-07-24,Grill
C0095,2025-07-24,Lawn Mower
C0095,2025-07-24,Maintenance Plan
C0096,2025-04-22,Washer
C0096,2025-04-22,Leaf Blower
C0096,2025-04-22,Pressure Washer
C0096,2025-04-22,Grill Brush
C0096,2025-05-05,Dishwasher
C0096,2025-05-05,Battery Pack
C0096,2025-05-06,Grill
C0096,2025-05-06,Spare Blades
C0096,2025-06-08,Pressure Washer
C0096,2025-06-08,Extra Filters
C0096,2025-06-15,Portable Heater
C0096,2025-06-15,Descaler
C0096,2025-07-19,Vacuum
C0096,2025-07-19,Water Filter
C0096,2025-07-19,Extra Filters
C0096,2025-07-19,Descaler
C0097,2025-04-21,Range
C0097,2025-04-21,Extra Crock Insert
C0097,2025-04-21,Fuel Stabilizer
C0097,2025-04-21,Battery Pack
C0097,2025-04-29,Leaf Blower
C0097,2025-04-29,Weather Cover
C0097,2025-05-05,Robot Vacuum
C0097,2025-06-08,Blender
C0097,2025-06-18,Food Processor
C0097,2025-06-18,Maintenance Plan
C0097,2025-07-07,Air Purifier
C0097,2025-07-07,Microwave
C0097,2025-07-07,Installation Kit
C0097,2025-07-07,Maintenance Plan
C0097,2025-07-12,Microwave
C0097,2025-07-12,Extended Warranty
C0097,2025-07-12,Surge Protector
C0097,2025-07-12,Stacking Kit
C0097,2025-07-12,Maintenance Plan
C0098,2025-04-14,Refrigerator
C0098,2025-04-14,Dough Hook
C0098,2025-04-14,Descaler
C0098,2025-04-22,Range
C0098,2025-04-22,Extra Filters
C0098,2025-04-22,HEPA Filter
C0098,2025-06-23,Blender
C0098,2025-06-23,Cast Iron Griddle
C0098,2025-06-25,Washer
C0098,2025-06-25,Ceiling Fan
C0098,2025-06-25,Microwave
C0098,2025-06-25,Shoulder Strap
C0099,2025-04-14,Dryer
C0099,2025-04-14,Oven Liners
C0099,2025-04-14,Dehumidifier
C0099,2025-04-14,Microwave
C0099,2025-04-14,Blender
C0099,2025-04-14,Extra Pitcher
C0099,2025-04-15,Washer
C0099,2025-04-15,Air Purifier
C0099,2025-04-15,Patio Umbrella
C0099,2025-06-14,Grill
C0099,2025-06-14,Extended Warranty
C0099,2025-06-14,Maintenance Plan
C0099,2025-06-23,Vacuum
C0099,2025-06-23,Maintenance Plan
C0100,2025-04-25,Slow Cooker
C0100,2025-04-25,Dishwasher
C0100,2025-05-21,Robot Vacuum
C0100,2025-05-21,Extra Filters
C0100,2025-05-21,Drain Hose
C0100,2025-06-17,Coffee Maker
C0100,2025-06-17,Surge Protector
C0100,2025-06-18,Portable Heater
C0100,2025-06-18,Stand Mixer
C0100,2025-06-18,Maintenance Plan
C0101,2025-06-11,Pressure Washer
C0101,2025-06-11,Oven Liners
C0101,2025-06-11,Maintenance Plan
C0101,2025-07-20,Patio Furniture Set
C0101,2025-07-20,Cushion Covers
C0102,2025-05-30,Dehumidifier
C0102,2025-06-03,Dryer
C0103,2025-05-09,Patio Furniture Set
C0103,2025-05-11,Washer
C0103,2025-05-11,Water Heater
C0103,2025-05-11,Battery Pack
C0103,2025-06-25,Pressure Washer
C0103,2025-06-25,Robot Vacuum
C0104,2025-04-11,Toaster Oven
C0104,2025-04-11,Baking Tray
C0104,2025-04-11,Rinse Aid
C0104,2025-04-11,Coffee Maker
C0104,2025-05-03,Range
C0104,2025-05-03,Remote Control
C0104,2025-05-20,Coffee Maker
C0104,2025-05-20,Vacuum
C0104,2025-06-24,Pressure Washer
C0104,2025-08-05,Food Processor
C0105,2025-04-18,Lawn Mower
C0105,2025-04-18,Maintenance Plan
C0105,2025-06-26,Lawn Mower
C0105,2025-07-15,Toaster Oven
C0105,2025-08-04,Blender
C0105,2025-08-04,Rinse Aid
C0106,2025-04-27,Dishwasher
C0106,2025-04-27,Safety Guard
C0106,2025-04-27,Rinse Aid
C0106,2025-04-27,Microwave Trim Kit
C0106,2025-05-13,Lawn Mower
C0106,2025-05-13,Refrigerator
C0106,2025-05-13,Microwave Trim Kit
C0106,2025-05-18,Lawn Mower
C0106,2025-05-18,Maintenance Plan
C0106,2025-06-12,Air Purifier
C0106,2025-06-12,Drain Hose
C0106,2025-07-07,Portable Heater
C0106,2025-07-07,Stacking Kit
C0106,2025-07-25,Leaf Blower
C0106,2025-08-07,Stand Mixer
C0106,2025-08-07,Robot Vacuum
C0106,2025-08-07,Furniture Covers
C0106,2025-08-07,Maintenance Plan
C0107,2025-05-23,Toaster Oven
C0107,2025-05-23,Air Purifier
C0107,2025-05-23,Hose Extension
C0107,2025-05-23,Maintenance Plan
C0107,2025-06-25,Dryer
C0107,2025-06-25,Grass Catcher
C0107,2025-06-25,Mop Attachment
C0107,2025-06-25,Grill Grate
C0107,2025-07-03,Coffee Maker
C0107,2025-07-05,Slow Cooker
C0107,2025-07-20,Washer
C0107,2025-07-20,Dough Hook
C0107,2025-07-20,Toaster Oven
C0107,2025-07-26,Portable Heater
C0107,2025-07-26,Coffee Maker
C0107,2025-08-03,Dishwasher
C0107,2025-08-03,Robot Vacuum
C0107,2025-08-03,Dishwasher Pods
C0107,2025-08-03,Extended Warranty
C0108,2025-05-01,Dehumidifier
C0108,2025-05-01,Extended Warranty
C0108,2025-05-01,Extended Warranty
C0108,2025-05-01,Stacking Kit
C0108,2025-05-08,Dehumidifier
C0108,2025-05-08,Slow Cooker
C0108,2025-05-24,Stand Mixer
C0108,2025-05-24,Maintenance Plan
C0108,2025-08-01,Range
C0109,2025-05-12,Blender
C0109,2025-06-21,Outdoor Fire Pit
C0109,2025-06-21,Dehumidifier
C0109,2025-06-21,Refrigerator
C0109,2025-06-21,Extended Warranty
C0109,2025-07-03,Robot Vacuum
C0109,2025-07-03,Furniture Covers
C0109,2025-07-03,Washer Hoses
C0109,2025-07-13,Leaf Blower
C0109,2025-07-13,Vacuum Bags
C0109,2025-07-13,Shoulder Strap
C0109,2025-07-13,Battery Pack
C0109,2025-07-22,Food Processor
C0109,2025-07-22,Propane Tank
C0109,2025-07-22,Anode Rod
C0110,2025-04-25,Microwave
C0110,2025-04-25,Battery Pack
C0110,2025-04-25,Extra Filters
C0110,2025-04-25,Dehumidifier
C0110,2025-05-19,Air Purifier
C0110,2025-05-19,Dishwasher
C0110,2025-05-28,Robot Vacuum
C0110,2025-06-06,Range
C0110,2025-06-06,Nozzle Set
C0110,2025-06-06,Dryer
C0110,2025-06-14,Refrigerator
C0110,2025-06-14,Microwave Trim Kit
C0110,2025-06-14,Grass Catcher
C0110,2025-06-14,Cast Iron Griddle
C0110,2025-06-20,Lawn Mower
C0110,2025-06-20,Grill Cover
C0110,2025-06-20,Water Filter
C0110,2025-06-20,Food Processor
C0110,2025-07-15,Water Heater
C0110,2025-07-15,Safety Guard
C0111,2025-06-17,Blender
C0111,2025-06-17,Dough Blade
C0111,2025-07-20,Dishwasher
C0111,2025-07-20,Extended Warranty
C0112,2025-04-16,Blender
C0112,2025-04-16,Extended Warranty
C0112,2025-05-18,Food Processor
C0112,2025-05-18,Patio Furniture Set
C0112,2025-05-19,Stand Mixer
C0112,2025-05-29,Blender
C0112,2025-05-29,Extra Brushes
C0112,2025-05-29,Remote Control
C0112,2025-05-29,Grill Brush
C0112,2025-05-29,Maintenance Plan
C0112,2025-06-24,Dehumidifier
C0112,2025-06-24,HEPA Filter
C0112,2025-06-24,Fuel Stabilizer
C0112,2025-06-24,Dishwasher
C0112,2025-07-18,Dishwasher
C0112,2025-07-18,Extended Warranty
C0112,2025-08-04,Leaf Blower
C0112,2025-08-04,Refrigerator
C0112,2025-08-04,Extended Warranty
C0112,2025-08-04,Firewood Rack
C0113,2025-04-25,Slow Cooker
C0113,2025-04-25,Maintenance Plan
C0113,2025-05-13,Pressure Washer
C0113,2025-05-13,Foam Cannon
C0113,2025-05-13,Vacuum Bags
C0113,2025-05-16,Vacuum
C0113,2025-06-29,Dryer
C0113,2025-06-29,Slow Cooker
C0113,2025-06-29,Pressure Washer
C0113,2025-06-29,Vacuum
C0113,2025-06-29,Maintenance Plan
C0113,2025-07-22,Range
C0113,2025-07-27,Stand Mixer
C0113,2025-07-27,Fuel Stabilizer
C0113,2025-07-27,Installation Kit
C0114,2025-04-28,Portable Heater
C0114,2025-04-28,Pressure Washer
C0114,2025-04-28,Surge Protector
C0114,2025-04-28,Cushion Covers
C0114,2025-07-10,Washer
C0114,2025-07-10,Carbon Filter
C0114,2025-07-10,Air Purifier
C0114,2025-07-10,Mop Attachment
C0114,2025-07-10,Maintenance Plan
C0114,2025-07-30,Toaster Oven
C0114,2025-07-30,Dough Blade
C0114,2025-07-30,Propane Tank
C0114,2025-07-30,Rinse Aid
C0115,2025-04-29,Patio Furniture Set
C0115,2025-04-29,Grill Grate
C0115,2025-05-08,Dishwasher
C0115,2025-05-08,Spare Blades
C0115,2025-05-08,Cushion Covers
C0115,2025-05-08,Pressure Washer
C0115,2025-07-04,Dehumidifier
C0115,2025-07-04,Portable Heater
C0115,2025-07-04,Recipe Book
C0116,2025-05-07,Dryer
C0116,2025-05-07,Pizza Stone
C0116,2025-05-07,Water Filter
C0116,2025-05-08,Blender
C0116,2025-05-14,Washer
C0116,2025-05-19,Water Heater
C0116,2025-05-19,Air Purifier
C0116,2025-06-26,Microwave
C0116,2025-06-26,Extended Warranty
C0116,2025-06-26,Blender
C0116,2025-06-26,Grill Grate
C0116,2025-08-03,Dishwasher
C0117,2025-04-24,Water Heater
C0117,2025-04-24,Installation Kit
C0117,2025-04-24,Drain Hose
C0117,2025-05-08,Coffee Maker
C0117,2025-05-08,Shoulder Strap
C0117,2025-05-08,Robot Vacuum
C0117,2025-05-17,Refrigerator
C0117,2025-05-17,Slicing Blade Set
C0117,2025-05-17,Maintenance Plan
C0117,2025-06-10,Robot Vacuum
C0117,2025-06-10,Food Processor
C0117,2025-06-10,Blender
C0117,2025-06-29,Outdoor Fire Pit
C0118,2025-05-08,Leaf Blower
C0118,2025-05-29,Portable Heater
C0118,2025-05-29,Pouring Shield
C0118,2025-05-29,Extended Warranty
C0118,2025-06-01,Ceiling Fan
C0118,2025-06-01,HEPA Filter
C0118,2025-06-14,Pressure Washer
C0118,2025-06-14,Dough Hook
C0118,2025-06-14,Nozzle Attachment
C0118,2025-06-14,Coffee Maker
C0118,2025-06-14,Maintenance Plan
C0118,2025-06-24,Patio Furniture Set
C0118,2025-06-24,Carbon Filter
C0119,2025-06-05,Coffee Maker
C0119,2025-06-05,Refrigerator
C0119,2025-06-05,Maintenance Plan
C0119,2025-07-18,Patio Furniture Set
C0119,2025-07-18,Pressure Washer
C0119,2025-07-18,Washer
C0120,2025-04-12,Refrigerator
C0120,2025-04-12,Mop Attachment
C0120,2025-04-12,Patio Umbrella
C0120,2025-04-18,Water Heater
C0120,2025-04-18,Expansion Tank
C0120,2025-04-18,Anode Rod
C0120,2025-04-18,Maintenance Plan
C0120,2025-05-06,Blender
C0120,2025-05-06,Stand Mixer
C0120,2025-05-06,Rinse Aid
C0120,2025-05-06,Grill
C0120,2025-05-06,Maintenance Plan
C0120,2025-05-25,Dryer
C0120,2025-05-25,Firewood Rack
C0120,2025-06-02,Food Processor
C0120,2025-06-27,Water Heater
C0120,2025-06-27,Stacking Kit
C0120,2025-06-27,Water Filter
C0120,2025-06-27,Shoulder Strap
C0120,2025-07-11,Air Purifier
C0120,2025-07-11,Dough Blade
C0120,2025-07-11,Dryer Vent Kit
C0120,2025-07-11,Baking Tray
C0121,2025-05-15,Stand Mixer
C0121,2025-05-15,Rinse Aid
C0121,2025-06-04,Microwave
C0121,2025-06-04,Anode Rod
C0121,2025-06-04,Maintenance Plan
C0121,2025-06-15,Ceiling Fan
C0121,2025-06-15,Baking Tray
C0121,2025-06-15,Rinse Aid
C0121,2025-06-15,Water Filter
C0121,2025-06-15,Maintenance Plan
C0121,2025-07-11,Patio Furniture Set
C0121,2025-07-11,Maintenance Plan
C0121,2025-07-12,Ceiling Fan
C0121,2025-07-18,Water Heater
C0121,2025-07-18,Grill Cover
C0121,2025-07-18,Mop Attachment
C0121,2025-07-18,Dishwasher Pods
C0121,2025-07-18,Maintenance Plan
C0121,2025-07-23,Blender
C0121,2025-07-23,Stacking Kit
C0121,2025-07-23,Carbon Filter
C0121,2025-07-23,Spare Blades
C0122,2025-06-07,Leaf Blower
C0122,2025-06-07,Remote Control
C0122,2025-06-07,Mop Attachment
C0122,2025-06-07,Propane Tank
C0122,2025-06-22,Range
C0122,2025-06-22,Oven Liners
C0122,2025-06-22,Slow Cooker
C0122,2025-06-22,Weather Cover
C0122,2025-06-23,Food Processor
C0122,2025-06-23,Oven Liners
C0122,2025-06-23,Coffee Maker
C0122,2025-06-23,Lawn Mower
C0122,2025-06-30,Pressure Washer
C0122,2025-06-30,Remote Control
C0122,2025-08-05,Refrigerator
C0122,2025-08-05,Mop Attachment
C0122,2025-08-05,Robot Vacuum
C0122,2025-08-05,Dryer
C0123,2025-04-10,Dishwasher
C0123,2025-04-10,Blade Assembly
C0123,2025-04-10,Dryer
C0123,2025-04-10,Vacuum
C0123,2025-04-10,Maintenance Plan
C0123,2025-04-14,Leaf Blower
C0123,2025-04-22,Lawn Mower
C0123,2025-04-22,Extended Warranty
C0123,2025-04-22,Descaler
C0123,2025-04-22,Anode Rod
C0123,2025-05-05,Dryer
C0123,2025-05-05,Maintenance Plan
C0123,2025-05-11,Robot Vacuum
C0123,2025-05-11,Mop Attachment
C0123,2025-07-21,Robot Vacuum
C0123,2025-07-21,Toaster Oven
C0123,2025-07-21,Air Purifier
C0123,2025-07-21,Slicing Blade Set
C0123,2025-08-04,Washer
C0124,2025-04-10,Portable Heater
C0124,2025-04-10,Baking Tray
C0124,2025-05-17,Slow Cooker
C0124,2025-05-17,Coffee Maker
C0124,2025-05-30,Coffee Maker
C0124,2025-05-30,Water Heater
C0124,2025-05-30,Microwave Trim Kit
C0124,2025-05-30,Cast Iron Griddle
C0124,2025-06-07,Leaf Blower
C0124,2025-06-07,Maintenance Plan
C0124,2025-06-18,Vacuum
C0124,2025-06-18,Maintenance Plan
C0124,2025-06-27,Air Purifier
C0124,2025-06-27,Extended Warranty
C0124,2025-06-27,Extended Warranty
C0124,2025-07-04,Ceiling Fan
C0124,2025-07-04,Remote Control
C0124,2025-07-04,Air Purifier
C0124,2025-07-04,Maintenance Plan
C0125,2025-07-06,Patio Furniture Set
C0125,2025-07-06,Hose Extension
C0125,2025-07-07,Toaster Oven
C0125,2025-07-07,Surge Protector
C0126,2025-04-12,Dishwasher
C0126,2025-08-04,Microwave
C0126,2025-08-04,Shoulder Strap
C0126,2025-08-04,Blade Assembly
C0126,2025-08-04,Outdoor Fire Pit
C0127,2025-04-27,Grill
C0127,2025-04-27,Baking Tray
C0127,2025-04-27,Furniture Covers
C0127,2025-04-27,Maintenance Plan
C0127,2025-05-12,Range
C0127,2025-05-12,Propane Tank
C0127,2025-05-12,Shoulder Strap
C0127,2025-05-12,Weather Cover
C0127,2025-07-09,Air Purifier
C0127,2025-07-09,Anode Rod
C0127,2025-07-19,Water Heater
C0127,2025-07-19,Installation Kit
C0128,2025-04-10,Vacuum
C0128,2025-04-10,Safety Guard
C0128,2025-04-10,Lawn Mower
C0128,2025-04-10,Maintenance Plan
C0128,2025-07-17,Water Heater
C0128,2025-07-17,Microwave Trim Kit
C0128,2025-07-17,Extra Crock Insert
C0128,2025-07-17,Installation Kit
C0128,2025-07-17,Range
C0128,2025-07-17,Installation Kit
C0128,2025-07-18,Portable Heater
C0128,2025-07-18,Vacuum Bags
C0129,2025-04-21,Coffee Maker
C0129,2025-04-21,Range
C0129,2025-04-21,Stacking Kit
C0129,2025-05-07,Toaster Oven
C0129,2025-06-29,Range
C0129,2025-06-29,Nozzle Attachment
C0129,2025-06-29,Dehumidifier
C0129,2025-06-29,Washer
C0129,2025-07-01,Stand Mixer
C0129,2025-07-01,Extra Filters
C0129,2025-07-07,Washer
C0129,2025-07-07,Patio Umbrella
C0129,2025-07-18,Lawn Mower
C0129,2025-07-18,Patio Furniture Set
C0130,2025-04-18,Refrigerator
C0130,2025-04-18,Microwave
C0130,2025-04-19,Lawn Mower
C0130,2025-04-19,Toaster Oven
C0130,2025-04-19,Grass Catcher
C0130,2025-05-18,Air Purifier
C0130,2025-05-18,Food Processor
C0130,2025-05-18,Pizza Stone
C0130,2025-05-18,Maintenance Plan
C0130,2025-05-30,Outdoor Fire Pit
C0130,2025-06-17,Slow Cooker
C0130,2025-06-17,Extra Crock Insert
C0130,2025-06-17,Drain Hose
C0130,2025-07-12,Vacuum
C0131,2025-05-15,Refrigerator
C0131,2025-05-15,Carbon Filter
C0131,2025-05-15,Maintenance Plan
C0131,2025-05-22,Leaf Blower
C0131,2025-05-22,Patio Umbrella
C0131,2025-05-22,Descaler
C0131,2025-05-22,Maintenance Plan
C0131,2025-06-28,Dryer
C0131,2025-07-04,Lawn Mower
C0132,2025-04-17,Refrigerator
C0132,2025-04-17,Surge Protector
C0132,2025-04-17,Cushion Covers
C0132,2025-04-18,Blender
C0132,2025-04-18,Coffee Maker
C0132,2025-05-17,Air Purifier
C0132,2025-05-17,Firewood Rack
C0132,2025-05-17,HEPA Filter
C0132,2025-05-17,Maintenance Plan
C0133,2025-05-01,Grill
C0133,2025-05-01,Vacuum
C0133,2025-05-01,Baking Tray
C0133,2025-05-01,Oven Liners
C0133,2025-07-20,Patio Furniture Set
C0133,2025-07-20,Slicing Blade Set
C0133,2025-07-20,Drain Hose
C0133,2025-07-20,Stand Mixer
C0133,2025-08-04,Refrigerator
C0133,2025-08-04,Maintenance Plan
C0134,2025-04-13,Food Processor
C0134,2025-04-13,Installation Kit
C0134,2025-04-13,Coffee Maker
C0134,2025-04-13,Microwave Trim Kit
C0134,2025-05-10,Stand Mixer
C0134,2025-05-16,Range
C0134,2025-05-16,Grass Catcher
C0134,2025-05-16,Maintenance Plan
C0134,2025-05-27,Coffee Maker
C0134,2025-07-26,Slow Cooker
C0134,2025-07-26,Expansion Tank
C0134,2025-07-26,Extra Crock Insert
C0134,2025-07-26,Blender
C0135,2025-05-07,Stand Mixer
C0135,2025-05-07,Maintenance Plan
C0135,2025-06-21,Toaster Oven
C0135,2025-06-21,Maintenance Plan
C0135,2025-06-27,Range
C0135,2025-06-27,Dough Blade
C0135,2025-06-27,Cast Iron Griddle
C0135,2025-07-14,Slow Cooker
C0135,2025-07-14,Carbon Filter
C0135,2025-07-30,Water Heater
C0135,2025-07-30,Maintenance Plan
C0136,2025-04-18,Air Purifier
C0136,2025-04-18,HEPA Filter
C0136,2025-04-25,Robot Vacuum
C0136,2025-05-26,Leaf Blower
C0136,2025-06-09,Vacuum
C0136,2025-06-09,Patio Umbrella
C0136,2025-06-09,Dehumidifier
C0136,2025-06-09,Food Processor
C0136,2025-06-10,Water Heater
C0136,2025-07-09,Blender
C0136,2025-07-09,Pouring Shield
C0136,2025-07-09,Maintenance Plan
C0136,2025-07-20,Slow Cooker
C0137,2025-05-16,Microwave
C0137,2025-05-16,Extra Brushes
C0137,2025-06-05,Coffee Maker
C0138,2025-04-11,Blender
C0138,2025-04-11,Pizza Stone
C0138,2025-04-11,Dough Hook
C0138,2025-04-11,Surge Protector
C0138,2025-04-11,Maintenance Plan
C0138,2025-04-18,Food Processor
C0138,2025-04-18,Extended Warranty
C0138,2025-05-01,Air Purifier
C0138,2025-05-01,Water Filter
C0138,2025-05-09,Dishwasher
C0138,2025-05-09,Dishwasher Pods
C0138,2025-05-09,Grass Catcher
C0138,2025-05-09,Pressure Washer
C0138,2025-05-26,Patio Furniture Set
C0138,2025-05-26,Drain Hose
C0138,2025-06-10,Microwave
C0138,2025-06-10,Nozzle Set
C0138,2025-06-10,Hose Extension
C0138,2025-06-10,Stand Mixer
C0138,2025-06-10,Dryer Vent Kit
C0139,2025-04-27,Robot Vacuum
C0139,2025-04-27,Microwave
C0139,2025-04-29,Dishwasher
C0139,2025-04-29,Dryer
C0139,2025-04-29,Maintenance Plan
C0139,2025-06-02,Ceiling Fan
C0139,2025-06-02,Remote Control
C0139,2025-06-02,Extended Warranty
C0139,2025-06-02,Lint Trap
C0139,2025-06-02,Maintenance Plan
C0139,2025-08-04,Microwave
C0139,2025-08-04,Water Filter
C0139,2025-08-04,Propane Tank
C0139,2025-08-04,Maintenance Plan
C0140,2025-04-12,Grill
C0140,2025-04-23,Range
C0140,2025-04-23,Grass Catcher
C0140,2025-07-23,Grill
C0140,2025-08-03,Food Processor
C0140,2025-08-03,Stand Mixer
C0140,2025-08-03,Washer Hoses
C0140,2025-08-03,Maintenance Plan
C0140,2025-08-05,Washer
C0140,2025-08-05,Mop Attachment
C0140,2025-08-05,Dough Blade
C0141,2025-05-10,Robot Vacuum
C0141,2025-05-10,Outdoor Fire Pit
C0141,2025-05-10,Carbon Filter
C0141,2025-05-26,Dehumidifier
C0141,2025-05-26,Drain Hose
C0141,2025-05-26,Extra Brushes
C0141,2025-05-26,Toaster Oven
C0141,2025-06-01,Water Heater
C0141,2025-06-01,Grill
C0141,2025-07-01,Vacuum
C0141,2025-07-01,Cast Iron Griddle
C0141,2025-07-01,Water Filter
C0141,2025-07-01,Leaf Blower
C0142,2025-05-09,Blender
C0142,2025-05-09,Extra Pitcher
C0142,2025-05-09,Grill Grate
C0142,2025-07-14,Vacuum
C0142,2025-07-14,Surge Protector
C0142,2025-07-14,Maintenance Plan
C0142,2025-08-03,Robot Vacuum
C0142,2025-08-03,Stacking Kit
C0143,2025-04-19,Portable Heater
C0143,2025-04-19,Firewood Rack
C0143,2025-04-19,Remote Control
C0143,2025-05-22,Food Processor
C0143,2025-06-07,Patio Furniture Set
C0143,2025-06-07,Food Processor
C0143,2025-06-07,Maintenance Plan
C0143,2025-06-09,Lawn Mower
C0143,2025-06-09,Spare Blades
C0143,2025-06-09,Oven Liners
C0143,2025-06-22,Pressure Washer
C0143,2025-06-22,Foam Cannon
C0143,2025-06-23,Lawn Mower
C0143,2025-06-23,Dishwasher
C0143,2025-06-23,Blender
C0143,2025-08-08,Leaf Blower
C0143,2025-08-08,Maintenance Plan
C0144,2025-06-17,Toaster Oven
C0144,2025-06-17,Baking Tray
C0144,2025-06-17,Robot Vacuum
C0144,2025-06-25,Washer
C0144,2025-06-25,Air Purifier
C0144,2025-06-25,Maintenance Plan
C0145,2025-05-10,Refrigerator
C0145,2025-05-10,Maintenance Plan
C0145,2025-07-10,Washer
C0145,2025-07-10,Descaler
C0145,2025-07-19,Robot Vacuum
C0145,2025-07-19,Extra Brushes
C0145,2025-07-19,Food Processor
C0145,2025-08-03,Air Purifier
C0145,2025-08-03,Blender
C0145,2025-08-03,Carbon Filter
C0145,2025-08-03,Maintenance Plan
C0146,2025-04-18,Dishwasher
C0146,2025-04-18,Dehumidifier
C0146,2025-04-18,Slow Cooker
C0146,2025-06-28,Robot Vacuum
C0146,2025-06-28,Dehumidifier
C0146,2025-06-28,Mop Attachment
C0146,2025-06-28,Weather Cover
C0147,2025-06-03,Stand Mixer
C0147,2025-06-03,Pressure Washer
C0147,2025-06-03,Dough Hook
C0147,2025-07-07,Food Processor
C0147,2025-07-07,Maintenance Plan
C0147,2025-07-26,Microwave
C0147,2025-07-26,Safety Guard
C0148,2025-04-21,Leaf Blower
C0148,2025-04-21,Mop Attachment
C0148,2025-04-21,Coffee Filters
C0148,2025-04-21,Dishwasher
C0148,2025-05-09,Dryer
C0148,2025-05-09,Dryer Vent Kit
C0148,2025-05-09,Expansion Tank
C0148,2025-05-09,Grill
C0148,2025-06-28,Outdoor Fire Pit
C0148,2025-06-28,Maintenance Plan
C0148,2025-07-20,Outdoor Fire Pit
C0148,2025-07-20,Maintenance Plan
C0148,2025-07-23,Grill
C0148,2025-07-23,Oven Liners
C0149,2025-05-03,Air Purifier
C0149,2025-05-03,Cushion Covers
C0149,2025-05-03,Maintenance Plan
C0149,2025-05-04,Patio Furniture Set
C0149,2025-05-04,Safety Guard
C0149,2025-05-04,Portable Heater
C0149,2025-05-06,Grill
C0149,2025-05-06,Extra Filters
C0149,2025-05-06,Propane Tank
C0149,2025-05-06,Blender
C0149,2025-05-19,Washer
C0149,2025-05-19,Blade Assembly
C0149,2025-05-19,Lawn Mower
C0149,2025-05-19,Maintenance Plan
C0149,2025-07-03,Lawn Mower
C0149,2025-07-03,Grill
C0149,2025-07-03,Maintenance Plan
C0149,2025-08-03,Dryer
C0149,2025-08-03,Portable Heater
C0149,2025-08-03,Hose Extension
C0150,2025-04-23,Washer
C0150,2025-04-23,Grill
C0150,2025-04-23,Carbon Filter
C0150,2025-04-23,Slow Cooker
C0150,2025-07-03,Slow Cooker
C0150,2025-07-03,Slicing Blade Set
C0150,2025-07-03,Vacuum Bags
